PassengerId,Survived,Pclass,Sex,Age,SibSp,Parch,Fare,Embarked_C,Embarked_Q,Embarked_S,Age_scaled,Fare_scaled,SibSp_scaled,Parch_scaled
1,0,3,0,22.0,1,0,7.25,0,0,1,-0.607187714504438,-0.7507416934046446,0.6857897539745829,-0.40462805938837537
3,1,3,1,26.0,0,0,7.925,0,0,1,-0.2076818459920104,-0.6997771697705214,-0.48379942263765113,-0.40462805938837537
4,1,1,1,35.0,1,0,53.1,0,0,1,0.6912063581609516,2.711070763816898,0.6857897539745829,-0.40462805938837537
5,0,3,0,35.0,0,0,8.05,0,0,1,0.6912063581609516,-0.6903392950234616,-0.48379942263765113,-0.40462805938837537
6,0,3,0,28.0,0,0,8.4583,0,1,0,-0.007928911735796622,-0.6595114209496655,-0.48379942263765113,-0.40462805938837537
7,0,1,0,54.0,0,0,51.8625,0,0,1,2.5888592335949823,2.6176358038210052,-0.48379942263765113,-0.40462805938837537
9,1,3,1,27.0,0,2,11.1333,0,0,1,-0.10780537886390351,-0.4575409013625853,-0.48379942263765113,2.1438188409699888
10,1,2,1,14.0,1,0,30.0708,1,0,0,-1.406199451529293,0.9722971228169774,0.6857897539745829,-0.40462805938837537
11,1,3,1,4.0,1,1,16.7,0,0,1,-2.404964122810362,-0.037238362526922135,0.6857897539745829,0.8695953907908068
13,0,3,0,20.0,0,0,8.05,0,0,1,-0.8069406487606517,-0.6903392950234616,-0.48379942263765113,-0.40462805938837537
14,0,3,0,39.0,1,5,31.275,0,0,1,1.090712226673379,1.0632178329802529,0.6857897539745829,5.966489191507536
15,0,3,1,14.0,0,0,7.8542,0,0,1,-1.406199451529293,-0.7051227820272563,-0.48379942263765113,-0.40462805938837537
18,1,2,0,28.0,0,0,13.0,0,0,1,-0.007928911735796622,-0.3165994550398928,-0.48379942263765113,-0.40462805938837537
19,0,3,1,31.0,1,0,18.0,0,0,1,0.291700489648524,0.060915534842500056,0.6857897539745829,-0.40462805938837537
20,1,3,1,28.0,0,0,7.225,1,0,0,-0.007928911735796622,-0.7526292683540565,-0.48379942263765113,-0.40462805938837537
21,0,2,0,35.0,0,0,26.0,0,0,1,0.6912063581609516,0.6649395186543285,-0.48379942263765113,-0.40462805938837537
22,1,2,0,34.0,0,0,13.0,0,0,1,0.5913298910328447,-0.3165994550398928,-0.48379942263765113,-0.40462805938837537
23,1,3,1,15.0,0,0,8.0292,0,1,0,-1.306322984401186,-0.6919097573813725,-0.48379942263765113,-0.40462805938837537
24,1,1,0,28.0,0,0,35.5,0,0,1,-0.007928911735796622,1.382217999430875,-0.48379942263765113,-0.40462805938837537
25,0,3,1,8.0,3,1,21.075,0,0,1,-2.0054582542979342,0.2930872536201716,3.024968107199051,0.8695953907908068
26,1,3,1,38.0,1,5,31.3875,0,0,1,0.9908357595452723,1.0717119202526069,0.6857897539745829,5.966489191507536
27,0,3,0,28.0,0,0,7.225,1,0,0,-0.007928911735796622,-0.7526292683540565,-0.48379942263765113,-0.40462805938837537
29,1,3,1,28.0,0,0,7.8792,0,1,0,-0.007928911735796622,-0.7032352070778441,-0.48379942263765113,-0.40462805938837537
30,0,3,0,28.0,0,0,7.8958,0,0,1,-0.007928911735796622,-0.7019818573114346,-0.48379942263765113,-0.40462805938837537
31,0,1,0,40.0,0,0,27.7208,1,0,0,1.190588693801486,0.794865077572253,-0.48379942263765113,-0.40462805938837537
33,1,3,1,28.0,0,0,7.75,0,1,0,-0.007928911735796622,-0.7129901944164052,-0.48379942263765113,-0.40462805938837537
36,0,1,0,42.0,1,0,52.0,0,0,1,1.3903416280577,2.6280174660427713,0.6857897539745829,-0.40462805938837537
37,1,3,0,28.0,0,0,7.2292,1,0,0,-0.007928911735796622,-0.7523121557625554,-0.48379942263765113,-0.40462805938837537
38,0,3,0,21.0,0,0,8.05,0,0,1,-0.7070641816325448,-0.6903392950234616,-0.48379942263765113,-0.40462805938837537
39,0,3,1,18.0,2,0,18.0,0,0,1,-1.0066935830168655,0.060915534842500056,1.855378930586817,-0.40462805938837537
40,1,3,1,14.0,1,0,11.2417,1,0,0,-1.406199451529293,-0.44935637638193504,0.6857897539745829,-0.40462805938837537
41,0,3,1,40.0,1,0,9.475,0,0,1,1.190588693801486,-0.5827475229069797,0.6857897539745829,-0.40462805938837537
42,0,2,1,27.0,1,0,21.0,0,0,1,-0.10780537886390351,0.28742452877193575,0.6857897539745829,-0.40462805938837537
43,0,3,0,28.0,0,0,7.8958,1,0,0,-0.007928911735796622,-0.7019818573114346,-0.48379942263765113,-0.40462805938837537
44,1,2,1,3.0,1,2,41.5792,1,0,0,-2.504840589938469,1.8412158247294834,0.6857897539745829,2.1438188409699888
45,1,3,1,19.0,0,0,7.8792,0,1,0,-0.9068171158887586,-0.7032352070778441,-0.48379942263765113,-0.40462805938837537
46,0,3,0,28.0,0,0,8.05,0,0,1,-0.007928911735796622,-0.6903392950234616,-0.48379942263765113,-0.40462805938837537
47,0,3,0,28.0,1,0,15.5,0,1,0,-0.007928911735796622,-0.12784196009869636,0.6857897539745829,-0.40462805938837537
48,1,3,1,28.0,0,0,7.75,0,1,0,-0.007928911735796622,-0.7129901944164052,-0.48379942263765113,-0.40462805938837537
49,0,3,0,28.0,2,0,21.6792,1,0,0,-0.007928911735796622,0.3387061649975601,1.855378930586817,-0.40462805938837537
50,0,3,1,18.0,1,0,17.8,0,0,1,-1.0066935830168655,0.0458149352472044,0.6857897539745829,-0.40462805938837537
51,0,3,0,7.0,4,1,39.6875,0,0,1,-2.105334721426041,1.698386803457379,4.194557283811284,0.8695953907908068
52,0,3,0,21.0,0,0,7.8,0,0,1,-0.7070641816325448,-0.7092150445175813,-0.48379942263765113,-0.40462805938837537
54,1,2,1,29.0,1,0,26.0,0,0,1,0.09194755539231027,0.6649395186543285,0.6857897539745829,-0.40462805938837537
56,1,1,0,28.0,0,0,35.5,0,0,1,-0.007928911735796622,1.382217999430875,-0.48379942263765113,-0.40462805938837537
57,1,2,1,21.0,0,0,10.5,0,0,1,-0.7070641816325448,-0.5053569499810892,-0.48379942263765113,-0.40462805938837537
58,0,3,0,28.5,0,0,7.2292,1,0,0,0.04200932182825682,-0.7523121557625554,-0.48379942263765113,-0.40462805938837537
59,1,2,1,5.0,1,2,27.75,0,0,1,-2.305087655682255,0.7970697651131661,0.6857897539745829,2.1438188409699888
60,0,3,0,11.0,5,2,46.9,0,0,1,-1.7058288529136136,2.2429521763627305,5.364146460423518,2.1438188409699888
61,0,3,0,22.0,0,0,7.2292,1,0,0,-0.607187714504438,-0.7523121557625554,-0.48379942263765113,-0.40462805938837537
64,0,3,0,4.0,3,2,27.9,0,0,1,-2.404964122810362,0.8083952148096377,3.024968107199051,2.1438188409699888
65,0,1,0,28.0,0,0,27.7208,1,0,0,-0.007928911735796622,0.794865077572253,-0.48379942263765113,-0.40462805938837537
66,1,3,0,28.0,1,1,15.2458,1,0,0,-0.007928911735796622,-0.14703482218431727,0.6857897539745829,0.8695953907908068
67,1,2,1,29.0,0,0,10.5,0,0,1,0.09194755539231027,-0.5053569499810892,-0.48379942263765113,-0.40462805938837537
68,0,3,0,19.0,0,0,8.1583,0,0,1,-0.9068171158887586,-0.682162320342609,-0.48379942263765113,-0.40462805938837537
69,1,3,1,17.0,4,2,7.925,0,0,1,-1.1065700501449725,-0.6997771697705214,4.194557283811284,2.1438188409699888
70,0,3,0,26.0,2,0,8.6625,0,0,1,-0.2076818459920104,-0.6440937087628686,1.855378930586817,-0.40462805938837537
71,0,2,0,32.0,0,0,10.5,0,0,1,0.3915769567766309,-0.5053569499810892,-0.48379942263765113,-0.40462805938837537
72,0,3,1,16.0,5,2,46.9,0,0,1,-1.2064465172730792,2.2429521763627305,5.364146460423518,2.1438188409699888
74,0,3,0,26.0,1,0,14.4542,1,0,0,-0.2076818459920104,-0.20680299538249763,0.6857897539745829,-0.40462805938837537
75,1,3,0,32.0,0,0,56.4958,0,0,1,0.3915769567766309,2.9674638443454238,-0.48379942263765113,-0.40462805938837537
76,0,3,0,25.0,0,0,7.65,0,0,1,-0.3075583131201173,-0.7205404942140531,-0.48379942263765113,-0.40462805938837537
77,0,3,0,28.0,0,0,7.8958,0,0,1,-0.007928911735796622,-0.7019818573114346,-0.48379942263765113,-0.40462805938837537
78,0,3,0,28.0,0,0,8.05,0,0,1,-0.007928911735796622,-0.6903392950234616,-0.48379942263765113,-0.40462805938837537
80,1,3,1,30.0,0,0,12.475,0,0,1,0.19182402252041716,-0.35623852897754404,-0.48379942263765113,-0.40462805938837537
81,0,3,0,22.0,0,0,9.0,0,0,1,-0.607187714504438,-0.618611446945807,-0.48379942263765113,-0.40462805938837537
82,1,3,0,29.0,0,0,9.5,0,0,1,0.09194755539231027,-0.5808599479575678,-0.48379942263765113,-0.40462805938837537
83,1,3,1,28.0,0,0,7.7875,0,1,0,-0.007928911735796622,-0.7101588319922874,-0.48379942263765113,-0.40462805938837537
84,0,1,0,28.0,0,0,47.1,0,0,1,-0.007928911735796622,2.2580527759580264,-0.48379942263765113,-0.40462805938837537
85,1,2,1,17.0,0,0,10.5,0,0,1,-1.1065700501449725,-0.5053569499810892,-0.48379942263765113,-0.40462805938837537
86,1,3,1,33.0,3,0,15.85,0,0,1,0.49145342390473784,-0.1014159108069289,3.024968107199051,-0.40462805938837537
87,0,3,0,16.0,1,3,34.375,0,0,1,-1.2064465172730792,1.2972771267073366,0.6857897539745829,3.4180422911491712
88,0,3,0,28.0,0,0,8.05,0,0,1,-0.007928911735796622,-0.6903392950234616,-0.48379942263765113,-0.40462805938837537
90,0,3,0,24.0,0,0,8.05,0,0,1,-0.40743478024822416,-0.6903392950234616,-0.48379942263765113,-0.40462805938837537
91,0,3,0,29.0,0,0,8.05,0,0,1,0.09194755539231027,-0.6903392950234616,-0.48379942263765113,-0.40462805938837537
92,0,3,0,20.0,0,0,7.8542,0,0,1,-0.8069406487606517,-0.7051227820272563,-0.48379942263765113,-0.40462805938837537
93,0,1,0,46.0,1,0,61.175,0,0,1,1.7898474965701274,3.320757472476962,0.6857897539745829,-0.40462805938837537
94,0,3,0,26.0,1,2,20.575,0,0,1,-0.2076818459920104,0.2553357546319323,0.6857897539745829,2.1438188409699888
96,0,3,0,28.0,0,0,8.05,0,0,1,-0.007928911735796622,-0.6903392950234616,-0.48379942263765113,-0.40462805938837537
99,1,2,1,34.0,0,1,23.0,0,0,1,0.5913298910328447,0.4384305247248929,-0.48379942263765113,0.8695953907908068
100,0,2,0,34.0,1,0,26.0,0,0,1,0.5913298910328447,0.6649395186543285,0.6857897539745829,-0.40462805938837537
101,0,3,1,28.0,0,0,7.8958,0,0,1,-0.007928911735796622,-0.7019818573114346,-0.48379942263765113,-0.40462805938837537
102,0,3,0,28.0,0,0,7.8958,0,0,1,-0.007928911735796622,-0.7019818573114346,-0.48379942263765113,-0.40462805938837537
104,0,3,0,33.0,0,0,8.6542,0,0,1,0.49145342390473784,-0.6447203836460734,-0.48379942263765113,-0.40462805938837537
105,0,3,0,37.0,2,0,7.925,0,0,1,0.8909592924171653,-0.6997771697705214,1.855378930586817,-0.40462805938837537
106,0,3,0,28.0,0,0,7.8958,0,0,1,-0.007928911735796622,-0.7019818573114346,-0.48379942263765113,-0.40462805938837537
107,1,3,1,21.0,0,0,7.65,0,0,1,-0.7070641816325448,-0.7205404942140531,-0.48379942263765113,-0.40462805938837537
108,1,3,0,28.0,0,0,7.775,0,0,1,-0.007928911735796622,-0.7111026194669933,-0.48379942263765113,-0.40462805938837537
109,0,3,0,38.0,0,0,7.8958,0,0,1,0.9908357595452723,-0.7019818573114346,-0.48379942263765113,-0.40462805938837537
110,1,3,1,28.0,1,0,24.15,0,1,0,-0.007928911735796622,0.5252589723978431,0.6857897539745829,-0.40462805938837537
111,0,1,0,47.0,0,0,52.0,0,0,1,1.8897239636982341,2.6280174660427713,-0.48379942263765113,-0.40462805938837537
112,0,3,1,14.5,1,0,14.4542,1,0,0,-1.3562612179652396,-0.20680299538249763,0.6857897539745829,-0.40462805938837537
113,0,3,0,22.0,0,0,8.05,0,0,1,-0.607187714504438,-0.6903392950234616,-0.48379942263765113,-0.40462805938837537
114,0,3,1,20.0,1,0,9.825,0,0,1,-0.8069406487606517,-0.5563214736152123,0.6857897539745829,-0.40462805938837537
115,0,3,1,17.0,0,0,14.4583,1,0,0,-1.1065700501449725,-0.20649343309079413,-0.48379942263765113,-0.40462805938837537
116,0,3,0,21.0,0,0,7.925,0,0,1,-0.7070641816325448,-0.6997771697705214,-0.48379942263765113,-0.40462805938837537
118,0,2,0,29.0,1,0,21.0,0,0,1,0.09194755539231027,0.28742452877193575,0.6857897539745829,-0.40462805938837537
122,0,3,0,28.0,0,0,8.05,0,0,1,-0.007928911735796622,-0.6903392950234616,-0.48379942263765113,-0.40462805938837537
123,0,2,0,32.5,1,0,30.0708,1,0,0,0.44151519034068437,0.9722971228169774,0.6857897539745829,-0.40462805938837537
124,1,2,1,32.5,0,0,13.0,0,0,1,0.44151519034068437,-0.3165994550398928,-0.48379942263765113,-0.40462805938837537
126,1,3,0,12.0,1,0,11.2417,1,0,0,-1.605952385785507,-0.44935637638193504,0.6857897539745829,-0.40462805938837537
127,0,3,0,28.0,0,0,7.75,0,1,0,-0.007928911735796622,-0.7129901944164052,-0.48379942263765113,-0.40462805938837537
128,1,3,0,24.0,0,0,7.1417,0,0,1,-0.40743478024822416,-0.7589186680854971,-0.48379942263765113,-0.40462805938837537
129,1,3,1,28.0,1,1,22.3583,1,0,0,-0.007928911735796622,0.38998025092338656,0.6857897539745829,0.8695953907908068
130,0,3,0,45.0,0,0,6.975,0,0,1,1.6899710294420205,-0.7715050178481762,-0.48379942263765113,-0.40462805938837537
131,0,3,0,33.0,0,0,7.8958,1,0,0,0.49145342390473784,-0.7019818573114346,-0.48379942263765113,-0.40462805938837537
132,0,3,0,20.0,0,0,7.05,0,0,1,-0.8069406487606517,-0.7658422929999402,-0.48379942263765113,-0.40462805938837537
133,0,3,1,47.0,1,0,14.5,0,0,1,1.8897239636982341,-0.20334495807517494,0.6857897539745829,-0.40462805938837537
134,1,2,1,29.0,1,0,26.0,0,0,1,0.09194755539231027,0.6649395186543285,0.6857897539745829,-0.40462805938837537
135,0,2,0,25.0,0,0,13.0,0,0,1,-0.3075583131201173,-0.3165994550398928,-0.48379942263765113,-0.40462805938837537
136,0,2,0,23.0,0,0,15.0458,1,0,0,-0.507311247376331,-0.16213542177961293,-0.48379942263765113,-0.40462805938837537
137,1,1,1,19.0,0,2,26.2833,0,0,1,-0.9068171158887586,0.686329517981065,-0.48379942263765113,2.1438188409699888
138,0,1,0,37.0,1,0,53.1,0,0,1,0.8909592924171653,2.711070763816898,0.6857897539745829,-0.40462805938837537
139,0,3,0,16.0,0,0,9.2167,0,0,1,-1.2064465172730792,-0.6022499472843041,-0.48379942263765113,-0.40462805938837537
141,0,3,1,28.0,0,2,15.2458,1,0,0,-0.007928911735796622,-0.14703482218431727,-0.48379942263765113,2.1438188409699888
142,1,3,1,22.0,0,0,7.75,0,0,1,-0.607187714504438,-0.7129901944164052,-0.48379942263765113,-0.40462805938837537
143,1,3,1,24.0,1,0,15.85,0,0,1,-0.40743478024822416,-0.1014159108069289,0.6857897539745829,-0.40462805938837537
144,0,3,0,19.0,0,0,6.75,0,1,0,-0.9068171158887586,-0.7884931923928838,-0.48379942263765113,-0.40462805938837537
145,0,2,0,18.0,0,0,11.5,0,0,1,-1.0066935830168655,-0.42985395200461063,-0.48379942263765113,-0.40462805938837537
146,0,2,0,19.0,1,1,36.75,0,0,1,-0.9068171158887586,1.4765967469014731,0.6857897539745829,0.8695953907908068
147,1,3,0,27.0,0,0,7.7958,0,0,1,-0.10780537886390351,-0.7095321571090826,-0.48379942263765113,-0.40462805938837537
148,0,3,1,9.0,2,2,34.375,0,0,1,-1.9055817871698275,1.2972771267073366,1.855378930586817,2.1438188409699888
149,0,2,0,36.5,0,2,26.0,0,0,1,0.841021058853112,0.6649395186543285,-0.48379942263765113,2.1438188409699888
150,0,2,0,42.0,0,0,13.0,0,0,1,1.3903416280577,-0.3165994550398928,-0.48379942263765113,-0.40462805938837537
151,0,2,0,51.0,0,0,12.525,0,0,1,2.289229832210662,-0.35246337907872005,-0.48379942263765113,-0.40462805938837537
154,0,3,0,40.5,0,2,14.5,0,0,1,1.2405269273655395,-0.20334495807517494,-0.48379942263765113,2.1438188409699888
155,0,3,0,28.0,0,0,7.3125,0,0,1,-0.007928911735796622,-0.7460227560311147,-0.48379942263765113,-0.40462805938837537
156,0,1,0,51.0,0,1,61.3792,1,0,0,2.289229832210662,3.336175184663759,-0.48379942263765113,0.8695953907908068
157,1,3,1,16.0,0,0,7.7333,0,1,0,-1.2064465172730792,-0.7142510944826125,-0.48379942263765113,-0.40462805938837537
158,0,3,0,30.0,0,0,8.05,0,0,1,0.19182402252041716,-0.6903392950234616,-0.48379942263765113,-0.40462805938837537
159,0,3,0,28.0,0,0,8.6625,0,0,1,-0.007928911735796622,-0.6440937087628686,-0.48379942263765113,-0.40462805938837537
161,0,3,0,44.0,0,1,16.1,0,0,1,1.5900945623139136,-0.08254016131280911,-0.48379942263765113,0.8695953907908068
162,1,2,1,40.0,0,0,15.75,0,0,1,1.190588693801486,-0.10896621060457672,-0.48379942263765113,-0.40462805938837537
163,0,3,0,26.0,0,0,7.775,0,0,1,-0.2076818459920104,-0.7111026194669933,-0.48379942263765113,-0.40462805938837537
164,0,3,0,17.0,0,0,8.6625,0,0,1,-1.1065700501449725,-0.6440937087628686,-0.48379942263765113,-0.40462805938837537
166,1,3,0,9.0,0,2,20.525,0,0,1,-1.9055817871698275,0.2515606047331083,-0.48379942263765113,2.1438188409699888
167,1,1,1,28.0,0,1,55.0,0,0,1,-0.007928911735796622,2.854526459972207,-0.48379942263765113,0.8695953907908068
168,0,3,1,45.0,1,4,27.9,0,0,1,1.6899710294420205,0.8083952148096377,0.6857897539745829,4.692265741328353
169,0,1,0,28.0,0,0,25.925,0,0,1,-0.007928911735796622,0.6592767938060927,-0.48379942263765113,-0.40462805938837537
170,0,3,0,28.0,0,0,56.4958,0,0,1,-0.007928911735796622,2.9674638443454238,-0.48379942263765113,-0.40462805938837537
172,0,3,0,4.0,4,1,29.125,0,1,0,-2.404964122810362,0.9008863873308242,4.194557283811284,0.8695953907908068
174,0,3,0,21.0,0,0,7.925,0,0,1,-0.7070641816325448,-0.6997771697705214,-0.48379942263765113,-0.40462805938837537
176,0,3,0,18.0,1,1,7.8542,0,0,1,-1.0066935830168655,-0.7051227820272563,0.6857897539745829,0.8695953907908068
177,0,3,0,28.0,3,1,25.4667,0,0,1,-0.007928911735796622,0.6246737698334726,3.024968107199051,0.8695953907908068
178,0,1,1,50.0,0,0,28.7125,1,0,0,2.189353365082555,0.8697414006655266,-0.48379942263765113,-0.40462805938837537
179,0,2,0,30.0,0,0,13.0,0,0,1,0.19182402252041716,-0.3165994550398928,-0.48379942263765113,-0.40462805938837537
180,0,3,0,36.0,0,0,0.0,0,0,1,0.7910828252890585,-1.2981384287341142,-0.48379942263765113,-0.40462805938837537
182,0,2,0,28.0,0,0,15.05,1,0,0,-0.007928911735796622,-0.16181830918811166,-0.48379942263765113,-0.40462805938837537
183,0,3,0,9.0,4,2,31.3875,0,0,1,-1.9055817871698275,1.0717119202526069,4.194557283811284,2.1438188409699888
185,1,3,1,4.0,0,2,22.025,0,0,1,-2.404964122810362,0.36481510169782616,-0.48379942263765113,2.1438188409699888
186,0,1,0,28.0,0,0,50.0,0,0,1,-0.007928911735796622,2.4770114700898143,-0.48379942263765113,-0.40462805938837537
187,1,3,1,28.0,1,0,15.5,0,1,0,-0.007928911735796622,-0.12784196009869636,0.6857897539745829,-0.40462805938837537
188,1,1,0,45.0,0,0,26.55,0,0,1,1.6899710294420205,0.7064661675413919,-0.48379942263765113,-0.40462805938837537
189,0,3,0,40.0,1,1,15.5,0,1,0,1.190588693801486,-0.12784196009869636,0.6857897539745829,0.8695953907908068
190,0,3,0,36.0,0,0,7.8958,0,0,1,0.7910828252890585,-0.7019818573114346,-0.48379942263765113,-0.40462805938837537
191,1,2,1,32.0,0,0,13.0,0,0,1,0.3915769567766309,-0.3165994550398928,-0.48379942263765113,-0.40462805938837537
192,0,2,0,19.0,0,0,13.0,0,0,1,-0.9068171158887586,-0.3165994550398928,-0.48379942263765113,-0.40462805938837537
193,1,3,1,19.0,1,0,7.8542,0,0,1,-0.9068171158887586,-0.7051227820272563,0.6857897539745829,-0.40462805938837537
194,1,2,0,3.0,1,1,26.0,0,0,1,-2.504840589938469,0.6649395186543285,0.6857897539745829,0.8695953907908068
195,1,1,1,44.0,0,0,27.7208,1,0,0,1.5900945623139136,0.794865077572253,-0.48379942263765113,-0.40462805938837537
197,0,3,0,28.0,0,0,7.75,0,1,0,-0.007928911735796622,-0.7129901944164052,-0.48379942263765113,-0.40462805938837537
198,0,3,0,42.0,0,1,8.4042,0,0,1,1.3903416280577,-0.6635961331401931,-0.48379942263765113,0.8695953907908068
199,1,3,1,28.0,0,0,7.75,0,1,0,-0.007928911735796622,-0.7129901944164052,-0.48379942263765113,-0.40462805938837537
200,0,2,1,24.0,0,0,13.0,0,0,1,-0.40743478024822416,-0.3165994550398928,-0.48379942263765113,-0.40462805938837537
201,0,3,0,28.0,0,0,9.5,0,0,1,-0.007928911735796622,-0.5808599479575678,-0.48379942263765113,-0.40462805938837537
203,0,3,0,34.0,0,0,6.4958,0,0,1,0.5913298910328447,-0.8076860544785047,-0.48379942263765113,-0.40462805938837537
204,0,3,0,45.5,0,0,7.225,1,0,0,1.739909263006074,-0.7526292683540565,-0.48379942263765113,-0.40462805938837537
205,1,3,0,18.0,0,0,8.05,0,0,1,-1.0066935830168655,-0.6903392950234616,-0.48379942263765113,-0.40462805938837537
207,0,3,0,32.0,1,0,15.85,0,0,1,0.3915769567766309,-0.1014159108069289,0.6857897539745829,-0.40462805938837537
208,1,3,0,26.0,0,0,18.7875,1,0,0,-0.2076818459920104,0.12037414574897704,-0.48379942263765113,-0.40462805938837537
209,1,3,1,16.0,0,0,7.75,0,1,0,-1.2064465172730792,-0.7129901944164052,-0.48379942263765113,-0.40462805938837537
210,1,1,0,40.0,0,0,31.0,1,0,0,1.190588693801486,1.0424545085367214,-0.48379942263765113,-0.40462805938837537
211,0,3,0,24.0,0,0,7.05,0,0,1,-0.40743478024822416,-0.7658422929999402,-0.48379942263765113,-0.40462805938837537
212,1,2,1,35.0,0,0,21.0,0,0,1,0.6912063581609516,0.28742452877193575,-0.48379942263765113,-0.40462805938837537
213,0,3,0,22.0,0,0,7.25,0,0,1,-0.607187714504438,-0.7507416934046446,-0.48379942263765113,-0.40462805938837537
214,0,2,0,30.0,0,0,13.0,0,0,1,0.19182402252041716,-0.3165994550398928,-0.48379942263765113,-0.40462805938837537
215,0,3,0,28.0,1,0,7.75,0,1,0,-0.007928911735796622,-0.7129901944164052,0.6857897539745829,-0.40462805938837537
217,1,3,1,27.0,0,0,7.925,0,0,1,-0.10780537886390351,-0.6997771697705214,-0.48379942263765113,-0.40462805938837537
218,0,2,0,42.0,1,0,27.0,0,0,1,1.3903416280577,0.7404425166308072,0.6857897539745829,-0.40462805938837537
220,0,2,0,30.0,0,0,10.5,0,0,1,0.19182402252041716,-0.5053569499810892,-0.48379942263765113,-0.40462805938837537
221,1,3,0,16.0,0,0,8.05,0,0,1,-1.2064465172730792,-0.6903392950234616,-0.48379942263765113,-0.40462805938837537
222,0,2,0,27.0,0,0,13.0,0,0,1,-0.10780537886390351,-0.3165994550398928,-0.48379942263765113,-0.40462805938837537
223,0,3,0,51.0,0,0,8.05,0,0,1,2.289229832210662,-0.6903392950234616,-0.48379942263765113,-0.40462805938837537
224,0,3,0,28.0,0,0,7.8958,0,0,1,-0.007928911735796622,-0.7019818573114346,-0.48379942263765113,-0.40462805938837537
226,0,3,0,22.0,0,0,9.35,0,0,1,-0.607187714504438,-0.5921853976540395,-0.48379942263765113,-0.40462805938837537
227,1,2,0,19.0,0,0,10.5,0,0,1,-0.9068171158887586,-0.5053569499810892,-0.48379942263765113,-0.40462805938837537
228,0,3,0,20.5,0,0,7.25,0,0,1,-0.7570024151965983,-0.7507416934046446,-0.48379942263765113,-0.40462805938837537
229,0,2,0,18.0,0,0,13.0,0,0,1,-1.0066935830168655,-0.3165994550398928,-0.48379942263765113,-0.40462805938837537
230,0,3,1,28.0,3,1,25.4667,0,0,1,-0.007928911735796622,0.6246737698334726,3.024968107199051,0.8695953907908068
232,0,3,0,29.0,0,0,7.775,0,0,1,0.09194755539231027,-0.7111026194669933,-0.48379942263765113,-0.40462805938837537
234,1,3,1,5.0,4,2,31.3875,0,0,1,-2.305087655682255,1.0717119202526069,4.194557283811284,2.1438188409699888
235,0,2,0,24.0,0,0,10.5,0,0,1,-0.40743478024822416,-0.5053569499810892,-0.48379942263765113,-0.40462805938837537
236,0,3,1,28.0,0,0,7.55,0,0,1,-0.007928911735796622,-0.728090794011701,-0.48379942263765113,-0.40462805938837537
237,0,2,0,44.0,1,0,26.0,0,0,1,1.5900945623139136,0.6649395186543285,0.6857897539745829,-0.40462805938837537
238,1,2,1,8.0,0,2,26.25,0,0,1,-2.0054582542979342,0.6838152681484483,-0.48379942263765113,2.1438188409699888
239,0,2,0,19.0,0,0,10.5,0,0,1,-0.9068171158887586,-0.5053569499810892,-0.48379942263765113,-0.40462805938837537
240,0,2,0,33.0,0,0,12.275,0,0,1,0.49145342390473784,-0.37133912857283974,-0.48379942263765113,-0.40462805938837537
241,0,3,1,28.0,1,0,14.4542,1,0,0,-0.007928911735796622,-0.20680299538249763,0.6857897539745829,-0.40462805938837537
242,1,3,1,28.0,1,0,15.5,0,1,0,-0.007928911735796622,-0.12784196009869636,0.6857897539745829,-0.40462805938837537
243,0,2,0,29.0,0,0,10.5,0,0,1,0.09194755539231027,-0.5053569499810892,-0.48379942263765113,-0.40462805938837537
244,0,3,0,22.0,0,0,7.125,0,0,1,-0.607187714504438,-0.7601795681517044,-0.48379942263765113,-0.40462805938837537
245,0,3,0,30.0,0,0,7.225,1,0,0,0.19182402252041716,-0.7526292683540565,-0.48379942263765113,-0.40462805938837537
247,0,3,1,25.0,0,0,7.775,0,0,1,-0.3075583131201173,-0.7111026194669933,-0.48379942263765113,-0.40462805938837537
248,1,2,1,24.0,0,2,14.5,0,0,1,-0.40743478024822416,-0.20334495807517494,-0.48379942263765113,2.1438188409699888
249,1,1,0,37.0,1,1,52.5542,0,0,1,0.8909592924171653,2.669861227521336,0.6857897539745829,0.8695953907908068
250,0,2,0,54.0,1,0,26.0,0,0,1,2.5888592335949823,0.6649395186543285,0.6857897539745829,-0.40462805938837537
251,0,3,0,28.0,0,0,7.25,0,0,1,-0.007928911735796622,-0.7507416934046446,-0.48379942263765113,-0.40462805938837537
252,0,3,1,29.0,1,1,10.4625,0,0,1,0.09194755539231027,-0.5081883124052071,0.6857897539745829,0.8695953907908068
254,0,3,0,30.0,1,0,16.1,0,0,1,0.19182402252041716,-0.08254016131280911,0.6857897539745829,-0.40462805938837537
255,0,3,1,41.0,0,2,20.2125,0,0,1,1.290465160929593,0.22796591786545878,-0.48379942263765113,2.1438188409699888
256,1,3,1,29.0,0,2,15.2458,1,0,0,0.09194755539231027,-0.14703482218431727,-0.48379942263765113,2.1438188409699888
260,1,2,1,50.0,0,1,26.0,0,0,1,2.189353365082555,0.6649395186543285,-0.48379942263765113,0.8695953907908068
261,0,3,0,28.0,0,0,7.75,0,1,0,-0.007928911735796622,-0.7129901944164052,-0.48379942263765113,-0.40462805938837537
262,1,3,0,3.0,4,2,31.3875,0,0,1,-2.504840589938469,1.0717119202526069,4.194557283811284,2.1438188409699888
264,0,1,0,40.0,0,0,0.0,0,0,1,1.190588693801486,-1.2981384287341142,-0.48379942263765113,-0.40462805938837537
265,0,3,1,28.0,0,0,7.75,0,1,0,-0.007928911735796622,-0.7129901944164052,-0.48379942263765113,-0.40462805938837537
266,0,2,0,36.0,0,0,10.5,0,0,1,0.7910828252890585,-0.5053569499810892,-0.48379942263765113,-0.40462805938837537
267,0,3,0,16.0,4,1,39.6875,0,0,1,-1.2064465172730792,1.698386803457379,4.194557283811284,0.8695953907908068
268,1,3,0,25.0,1,0,7.775,0,0,1,-0.3075583131201173,-0.7111026194669933,0.6857897539745829,-0.40462805938837537
271,0,1,0,28.0,0,0,31.0,0,0,1,-0.007928911735796622,1.0424545085367214,-0.48379942263765113,-0.40462805938837537
272,1,3,0,25.0,0,0,0.0,0,0,1,-0.3075583131201173,-1.2981384287341142,-0.48379942263765113,-0.40462805938837537
273,1,2,1,41.0,0,1,19.5,0,0,1,1.290465160929593,0.1741700318072179,-0.48379942263765113,0.8695953907908068
274,0,1,0,37.0,0,1,29.7,1,0,0,0.8909592924171653,0.9443006111672992,-0.48379942263765113,0.8695953907908068
275,1,3,1,28.0,0,0,7.75,0,1,0,-0.007928911735796622,-0.7129901944164052,-0.48379942263765113,-0.40462805938837537
277,0,3,1,45.0,0,0,7.75,0,0,1,1.6899710294420205,-0.7129901944164052,-0.48379942263765113,-0.40462805938837537
278,0,2,0,28.0,0,0,0.0,0,0,1,-0.007928911735796622,-1.2981384287341142,-0.48379942263765113,-0.40462805938837537
279,0,3,0,7.0,4,1,29.125,0,1,0,-2.105334721426041,0.9008863873308242,4.194557283811284,0.8695953907908068
280,1,3,1,35.0,1,1,20.25,0,0,1,0.6912063581609516,0.23079728028957683,0.6857897539745829,0.8695953907908068
282,0,3,0,28.0,0,0,7.8542,0,0,1,-0.007928911735796622,-0.7051227820272563,-0.48379942263765113,-0.40462805938837537
283,0,3,0,16.0,0,0,9.5,0,0,1,-1.2064465172730792,-0.5808599479575678,-0.48379942263765113,-0.40462805938837537
284,1,3,0,19.0,0,0,8.05,0,0,1,-0.9068171158887586,-0.6903392950234616,-0.48379942263765113,-0.40462805938837537
285,0,1,0,28.0,0,0,26.0,0,0,1,-0.007928911735796622,0.6649395186543285,-0.48379942263765113,-0.40462805938837537
286,0,3,0,33.0,0,0,8.6625,1,0,0,0.49145342390473784,-0.6440937087628686,-0.48379942263765113,-0.40462805938837537
287,1,3,0,30.0,0,0,9.5,0,0,1,0.19182402252041716,-0.5808599479575678,-0.48379942263765113,-0.40462805938837537
288,0,3,0,22.0,0,0,7.8958,0,0,1,-0.607187714504438,-0.7019818573114346,-0.48379942263765113,-0.40462805938837537
289,1,2,0,42.0,0,0,13.0,0,0,1,1.3903416280577,-0.3165994550398928,-0.48379942263765113,-0.40462805938837537
290,1,3,1,22.0,0,0,7.75,0,1,0,-0.607187714504438,-0.7129901944164052,-0.48379942263765113,-0.40462805938837537
293,0,2,0,36.0,0,0,12.875,1,0,0,0.7910828252890585,-0.3260373297869526,-0.48379942263765113,-0.40462805938837537
294,0,3,1,24.0,0,0,8.85,0,0,1,-0.40743478024822416,-0.6299368966422788,-0.48379942263765113,-0.40462805938837537
295,0,3,0,24.0,0,0,7.8958,0,0,1,-0.40743478024822416,-0.7019818573114346,-0.48379942263765113,-0.40462805938837537
296,0,1,0,28.0,0,0,27.7208,1,0,0,-0.007928911735796622,0.794865077572253,-0.48379942263765113,-0.40462805938837537
297,0,3,0,23.5,0,0,7.2292,1,0,0,-0.45737301381227763,-0.7523121557625554,-0.48379942263765113,-0.40462805938837537
299,1,1,0,28.0,0,0,30.5,0,0,1,-0.007928911735796622,1.0047030095484821,-0.48379942263765113,-0.40462805938837537
301,1,3,1,28.0,0,0,7.75,0,1,0,-0.007928911735796622,-0.7129901944164052,-0.48379942263765113,-0.40462805938837537
302,1,3,0,28.0,2,0,23.25,0,1,0,-0.007928911735796622,0.45730627421901254,1.855378930586817,-0.40462805938837537
303,0,3,0,19.0,0,0,0.0,0,0,1,-0.9068171158887586,-1.2981384287341142,-0.48379942263765113,-0.40462805938837537
304,1,2,1,28.0,0,0,12.35,0,1,0,-0.007928911735796622,-0.36567640372460386,-0.48379942263765113,-0.40462805938837537
305,0,3,0,28.0,0,0,8.05,0,0,1,-0.007928911735796622,-0.6903392950234616,-0.48379942263765113,-0.40462805938837537
309,0,2,0,30.0,1,0,24.0,1,0,0,0.19182402252041716,0.5139335227013715,0.6857897539745829,-0.40462805938837537
310,1,1,1,30.0,0,0,56.9292,1,0,0,0.19182402252041716,3.0001868436684296,-0.48379942263765113,-0.40462805938837537
313,0,2,1,26.0,1,1,26.0,0,0,1,-0.2076818459920104,0.6649395186543285,0.6857897539745829,0.8695953907908068
314,0,3,0,28.0,0,0,7.8958,0,0,1,-0.007928911735796622,-0.7019818573114346,-0.48379942263765113,-0.40462805938837537
315,0,2,0,43.0,1,1,26.25,0,0,1,1.4902180951858066,0.6838152681484483,0.6857897539745829,0.8695953907908068
316,1,3,1,26.0,0,0,7.8542,0,0,1,-0.2076818459920104,-0.7051227820272563,-0.48379942263765113,-0.40462805938837537
317,1,2,1,24.0,1,0,26.0,0,0,1,-0.40743478024822416,0.6649395186543285,0.6857897539745829,-0.40462805938837537
318,0,2,0,54.0,0,0,14.0,0,0,1,2.5888592335949823,-0.2410964570634142,-0.48379942263765113,-0.40462805938837537
321,0,3,0,22.0,0,0,7.25,0,0,1,-0.607187714504438,-0.7507416934046446,-0.48379942263765113,-0.40462805938837537
322,0,3,0,27.0,0,0,7.8958,0,0,1,-0.10780537886390351,-0.7019818573114346,-0.48379942263765113,-0.40462805938837537
323,1,2,1,30.0,0,0,12.35,0,1,0,0.19182402252041716,-0.36567640372460386,-0.48379942263765113,-0.40462805938837537
324,1,2,1,22.0,1,1,29.0,0,0,1,-0.607187714504438,0.8914485125837643,0.6857897539745829,0.8695953907908068
328,1,2,1,36.0,0,0,13.0,0,0,1,0.7910828252890585,-0.3165994550398928,-0.48379942263765113,-0.40462805938837537
329,1,3,1,31.0,1,1,20.525,0,0,1,0.291700489648524,0.2515606047331083,0.6857897539745829,0.8695953907908068
330,1,1,1,16.0,0,1,57.9792,1,0,0,-1.2064465172730792,3.0794649915437318,-0.48379942263765113,0.8695953907908068
331,1,3,1,28.0,2,0,23.25,0,1,0,-0.007928911735796622,0.45730627421901254,1.855378930586817,-0.40462805938837537
332,0,1,0,45.5,0,0,28.5,0,0,1,1.739909263006074,0.853697013595525,-0.48379942263765113,-0.40462805938837537
334,0,3,0,16.0,2,0,18.0,0,0,1,-1.2064465172730792,0.060915534842500056,1.855378930586817,-0.40462805938837537
336,0,3,0,28.0,0,0,7.8958,0,0,1,-0.007928911735796622,-0.7019818573114346,-0.48379942263765113,-0.40462805938837537
339,1,3,0,45.0,0,0,8.05,0,0,1,1.6899710294420205,-0.6903392950234616,-0.48379942263765113,-0.40462805938837537
340,0,1,0,45.0,0,0,35.5,0,0,1,1.6899710294420205,1.382217999430875,-0.48379942263765113,-0.40462805938837537
343,0,2,0,28.0,0,0,13.0,0,0,1,-0.007928911735796622,-0.3165994550398928,-0.48379942263765113,-0.40462805938837537
344,0,2,0,25.0,0,0,13.0,0,0,1,-0.3075583131201173,-0.3165994550398928,-0.48379942263765113,-0.40462805938837537
345,0,2,0,36.0,0,0,13.0,0,0,1,0.7910828252890585,-0.3165994550398928,-0.48379942263765113,-0.40462805938837537
346,1,2,1,24.0,0,0,13.0,0,0,1,-0.40743478024822416,-0.3165994550398928,-0.48379942263765113,-0.40462805938837537
347,1,2,1,40.0,0,0,13.0,0,0,1,1.190588693801486,-0.3165994550398928,-0.48379942263765113,-0.40462805938837537
348,1,3,1,28.0,1,0,16.1,0,0,1,-0.007928911735796622,-0.08254016131280911,0.6857897539745829,-0.40462805938837537
349,1,3,0,3.0,1,1,15.9,0,0,1,-2.504840589938469,-0.0976407609081049,0.6857897539745829,0.8695953907908068
350,0,3,0,42.0,0,0,8.6625,0,0,1,1.3903416280577,-0.6440937087628686,-0.48379942263765113,-0.40462805938837537
351,0,3,0,23.0,0,0,9.225,0,0,1,-0.507311247376331,-0.6016232724010994,-0.48379942263765113,-0.40462805938837537
352,0,1,0,28.0,0,0,35.0,0,0,1,-0.007928911735796622,1.3444665004426357,-0.48379942263765113,-0.40462805938837537
353,0,3,0,15.0,1,1,7.2292,1,0,0,-1.306322984401186,-0.7523121557625554,0.6857897539745829,0.8695953907908068
354,0,3,0,25.0,1,0,17.8,0,0,1,-0.3075583131201173,0.0458149352472044,0.6857897539745829,-0.40462805938837537
355,0,3,0,28.0,0,0,7.225,1,0,0,-0.007928911735796622,-0.7526292683540565,-0.48379942263765113,-0.40462805938837537
356,0,3,0,28.0,0,0,9.5,0,0,1,-0.007928911735796622,-0.5808599479575678,-0.48379942263765113,-0.40462805938837537
357,1,1,1,22.0,0,1,55.0,0,0,1,-0.607187714504438,2.854526459972207,-0.48379942263765113,0.8695953907908068
358,0,2,1,38.0,0,0,13.0,0,0,1,0.9908357595452723,-0.3165994550398928,-0.48379942263765113,-0.40462805938837537
359,1,3,1,28.0,0,0,7.8792,0,1,0,-0.007928911735796622,-0.7032352070778441,-0.48379942263765113,-0.40462805938837537
360,1,3,1,28.0,0,0,7.8792,0,1,0,-0.007928911735796622,-0.7032352070778441,-0.48379942263765113,-0.40462805938837537
361,0,3,0,40.0,1,4,27.9,0,0,1,1.190588693801486,0.8083952148096377,0.6857897539745829,4.692265741328353
362,0,2,0,29.0,1,0,27.7208,1,0,0,0.09194755539231027,0.794865077572253,0.6857897539745829,-0.40462805938837537
363,0,3,1,45.0,0,1,14.4542,1,0,0,1.6899710294420205,-0.20680299538249763,-0.48379942263765113,0.8695953907908068
364,0,3,0,35.0,0,0,7.05,0,0,1,0.6912063581609516,-0.7658422929999402,-0.48379942263765113,-0.40462805938837537
365,0,3,0,28.0,1,0,15.5,0,1,0,-0.007928911735796622,-0.12784196009869636,0.6857897539745829,-0.40462805938837537
366,0,3,0,30.0,0,0,7.25,0,0,1,0.19182402252041716,-0.7507416934046446,-0.48379942263765113,-0.40462805938837537
368,1,3,1,28.0,0,0,7.2292,1,0,0,-0.007928911735796622,-0.7523121557625554,-0.48379942263765113,-0.40462805938837537
369,1,3,1,28.0,0,0,7.75,0,1,0,-0.007928911735796622,-0.7129901944164052,-0.48379942263765113,-0.40462805938837537
371,1,1,0,25.0,1,0,55.4417,1,0,0,-0.3075583131201173,2.8878761341784176,0.6857897539745829,-0.40462805938837537
372,0,3,0,18.0,1,0,6.4958,0,0,1,-1.0066935830168655,-0.8076860544785047,0.6857897539745829,-0.40462805938837537
373,0,3,0,19.0,0,0,8.05,0,0,1,-0.9068171158887586,-0.6903392950234616,-0.48379942263765113,-0.40462805938837537
375,0,3,1,3.0,3,1,21.075,0,0,1,-2.504840589938469,0.2930872536201716,3.024968107199051,0.8695953907908068
377,1,3,1,22.0,0,0,7.25,0,0,1,-0.607187714504438,-0.7507416934046446,-0.48379942263765113,-0.40462805938837537
379,0,3,0,20.0,0,0,4.0125,1,0,0,-0.8069406487606517,-0.995182649353494,-0.48379942263765113,-0.40462805938837537
380,0,3,0,19.0,0,0,7.775,0,0,1,-0.9068171158887586,-0.7111026194669933,-0.48379942263765113,-0.40462805938837537
383,0,3,0,32.0,0,0,7.925,0,0,1,0.3915769567766309,-0.6997771697705214,-0.48379942263765113,-0.40462805938837537
384,1,1,1,35.0,1,0,52.0,0,0,1,0.6912063581609516,2.6280174660427713,0.6857897539745829,-0.40462805938837537
385,0,3,0,28.0,0,0,7.8958,0,0,1,-0.007928911735796622,-0.7019818573114346,-0.48379942263765113,-0.40462805938837537
388,1,2,1,36.0,0,0,13.0,0,0,1,0.7910828252890585,-0.3165994550398928,-0.48379942263765113,-0.40462805938837537
389,0,3,0,28.0,0,0,7.7292,0,1,0,-0.007928911735796622,-0.7145606567743161,-0.48379942263765113,-0.40462805938837537
390,1,2,1,17.0,0,0,12.0,1,0,0,-1.1065700501449725,-0.39210245301637137,-0.48379942263765113,-0.40462805938837537
392,1,3,0,21.0,0,0,7.7958,0,0,1,-0.7070641816325448,-0.7095321571090826,-0.48379942263765113,-0.40462805938837537
393,0,3,0,28.0,2,0,7.925,0,0,1,-0.007928911735796622,-0.6997771697705214,1.855378930586817,-0.40462805938837537
395,1,3,1,24.0,0,2,16.7,0,0,1,-0.40743478024822416,-0.037238362526922135,-0.48379942263765113,2.1438188409699888
396,0,3,0,22.0,0,0,7.7958,0,0,1,-0.607187714504438,-0.7095321571090826,-0.48379942263765113,-0.40462805938837537
397,0,3,1,31.0,0,0,7.8542,0,0,1,0.291700489648524,-0.7051227820272563,-0.48379942263765113,-0.40462805938837537
398,0,2,0,46.0,0,0,26.0,0,0,1,1.7898474965701274,0.6649395186543285,-0.48379942263765113,-0.40462805938837537
399,0,2,0,23.0,0,0,10.5,0,0,1,-0.507311247376331,-0.5053569499810892,-0.48379942263765113,-0.40462805938837537
400,1,2,1,28.0,0,0,12.65,0,0,1,-0.007928911735796622,-0.34302550433166024,-0.48379942263765113,-0.40462805938837537
401,1,3,0,39.0,0,0,7.925,0,0,1,1.090712226673379,-0.6997771697705214,-0.48379942263765113,-0.40462805938837537
402,0,3,0,26.0,0,0,8.05,0,0,1,-0.2076818459920104,-0.6903392950234616,-0.48379942263765113,-0.40462805938837537
403,0,3,1,21.0,1,0,9.825,0,0,1,-0.7070641816325448,-0.5563214736152123,0.6857897539745829,-0.40462805938837537
404,0,3,0,28.0,1,0,15.85,0,0,1,-0.007928911735796622,-0.1014159108069289,0.6857897539745829,-0.40462805938837537
405,0,3,1,20.0,0,0,8.6625,0,0,1,-0.8069406487606517,-0.6440937087628686,-0.48379942263765113,-0.40462805938837537
406,0,2,0,34.0,1,0,21.0,0,0,1,0.5913298910328447,0.28742452877193575,0.6857897539745829,-0.40462805938837537
407,0,3,0,51.0,0,0,7.75,0,0,1,2.289229832210662,-0.7129901944164052,-0.48379942263765113,-0.40462805938837537
408,1,2,0,3.0,1,1,18.75,0,0,1,-2.504840589938469,0.11754278332485898,0.6857897539745829,0.8695953907908068
409,0,3,0,21.0,0,0,7.775,0,0,1,-0.7070641816325448,-0.7111026194669933,-0.48379942263765113,-0.40462805938837537
410,0,3,1,28.0,3,1,25.4667,0,0,1,-0.007928911735796622,0.6246737698334726,3.024968107199051,0.8695953907908068
411,0,3,0,28.0,0,0,7.8958,0,0,1,-0.007928911735796622,-0.7019818573114346,-0.48379942263765113,-0.40462805938837537
412,0,3,0,28.0,0,0,6.8583,0,1,0,-0.007928911735796622,-0.7803162177120312,-0.48379942263765113,-0.40462805938837537
414,0,2,0,28.0,0,0,0.0,0,0,1,-0.007928911735796622,-1.2981384287341142,-0.48379942263765113,-0.40462805938837537
415,1,3,0,44.0,0,0,7.925,0,0,1,1.5900945623139136,-0.6997771697705214,-0.48379942263765113,-0.40462805938837537
416,0,3,1,28.0,0,0,8.05,0,0,1,-0.007928911735796622,-0.6903392950234616,-0.48379942263765113,-0.40462805938837537
417,1,2,1,34.0,1,1,32.5,0,0,1,0.5913298910328447,1.1557090055014392,0.6857897539745829,0.8695953907908068
418,1,2,1,18.0,0,2,13.0,0,0,1,-1.0066935830168655,-0.3165994550398928,-0.48379942263765113,2.1438188409699888
419,0,2,0,30.0,0,0,13.0,0,0,1,0.19182402252041716,-0.3165994550398928,-0.48379942263765113,-0.40462805938837537
420,0,3,1,10.0,0,2,24.15,0,0,1,-1.8057053200417206,0.5252589723978431,-0.48379942263765113,2.1438188409699888
421,0,3,0,28.0,0,0,7.8958,1,0,0,-0.007928911735796622,-0.7019818573114346,-0.48379942263765113,-0.40462805938837537
422,0,3,0,21.0,0,0,7.7333,0,1,0,-0.7070641816325448,-0.7142510944826125,-0.48379942263765113,-0.40462805938837537
423,0,3,0,29.0,0,0,7.875,0,0,1,0.09194755539231027,-0.7035523196693454,-0.48379942263765113,-0.40462805938837537
424,0,3,1,28.0,1,1,14.4,0,0,1,-0.007928911735796622,-0.21089525787282276,0.6857897539745829,0.8695953907908068
425,0,3,0,18.0,1,1,20.2125,0,0,1,-1.0066935830168655,0.22796591786545878,0.6857897539745829,0.8695953907908068
426,0,3,0,28.0,0,0,7.25,0,0,1,-0.007928911735796622,-0.7507416934046446,-0.48379942263765113,-0.40462805938837537
427,1,2,1,28.0,1,0,26.0,0,0,1,-0.007928911735796622,0.6649395186543285,0.6857897539745829,-0.40462805938837537
428,1,2,1,19.0,0,0,26.0,0,0,1,-0.9068171158887586,0.6649395186543285,-0.48379942263765113,-0.40462805938837537
429,0,3,0,28.0,0,0,7.75,0,1,0,-0.007928911735796622,-0.7129901944164052,-0.48379942263765113,-0.40462805938837537
430,1,3,0,32.0,0,0,8.05,0,0,1,0.3915769567766309,-0.6903392950234616,-0.48379942263765113,-0.40462805938837537
431,1,1,0,28.0,0,0,26.55,0,0,1,-0.007928911735796622,0.7064661675413919,-0.48379942263765113,-0.40462805938837537
432,1,3,1,28.0,1,0,16.1,0,0,1,-0.007928911735796622,-0.08254016131280911,0.6857897539745829,-0.40462805938837537
433,1,2,1,42.0,1,0,26.0,0,0,1,1.3903416280577,0.6649395186543285,0.6857897539745829,-0.40462805938837537
434,0,3,0,17.0,0,0,7.125,0,0,1,-1.1065700501449725,-0.7601795681517044,-0.48379942263765113,-0.40462805938837537
435,0,1,0,50.0,1,0,55.9,0,0,1,2.189353365082555,2.9224791581510376,0.6857897539745829,-0.40462805938837537
437,0,3,1,21.0,2,2,34.375,0,0,1,-0.7070641816325448,1.2972771267073366,1.855378930586817,2.1438188409699888
438,1,2,1,24.0,2,3,18.75,0,0,1,-0.40743478024822416,0.11754278332485898,1.855378930586817,3.4180422911491712
440,0,2,0,31.0,0,0,10.5,0,0,1,0.291700489648524,-0.5053569499810892,-0.48379942263765113,-0.40462805938837537
441,1,2,1,45.0,1,1,26.25,0,0,1,1.6899710294420205,0.6838152681484483,0.6857897539745829,0.8695953907908068
442,0,3,0,20.0,0,0,9.5,0,0,1,-0.8069406487606517,-0.5808599479575678,-0.48379942263765113,-0.40462805938837537
443,0,3,0,25.0,1,0,7.775,0,0,1,-0.3075583131201173,-0.7111026194669933,0.6857897539745829,-0.40462805938837537
444,1,2,1,28.0,0,0,13.0,0,0,1,-0.007928911735796622,-0.3165994550398928,-0.48379942263765113,-0.40462805938837537
445,1,3,0,28.0,0,0,8.1125,0,0,1,-0.007928911735796622,-0.6856203576499317,-0.48379942263765113,-0.40462805938837537
447,1,2,1,13.0,0,1,19.5,0,0,1,-1.5060759186574,0.1741700318072179,-0.48379942263765113,0.8695953907908068
448,1,1,0,34.0,0,0,26.55,0,0,1,0.5913298910328447,0.7064661675413919,-0.48379942263765113,-0.40462805938837537
449,1,3,1,5.0,2,1,19.2583,1,0,0,-2.305087655682255,0.15592095719630292,1.855378930586817,0.8695953907908068
450,1,1,0,52.0,0,0,30.5,0,0,1,2.389106299338769,1.0047030095484821,-0.48379942263765113,-0.40462805938837537
451,0,2,0,36.0,1,2,27.75,0,0,1,0.7910828252890585,0.7970697651131661,0.6857897539745829,2.1438188409699888
452,0,3,0,28.0,1,0,19.9667,0,0,1,-0.007928911735796622,0.20940728096284042,0.6857897539745829,-0.40462805938837537
453,0,1,0,30.0,0,0,27.75,1,0,0,0.19182402252041716,0.7970697651131661,-0.48379942263765113,-0.40462805938837537
455,0,3,0,28.0,0,0,8.05,0,0,1,-0.007928911735796622,-0.6903392950234616,-0.48379942263765113,-0.40462805938837537
456,1,3,0,29.0,0,0,7.8958,1,0,0,0.09194755539231027,-0.7019818573114346,-0.48379942263765113,-0.40462805938837537
458,1,1,1,28.0,1,0,51.8625,0,0,1,-0.007928911735796622,2.6176358038210052,0.6857897539745829,-0.40462805938837537
459,1,2,1,50.0,0,0,10.5,0,0,1,2.189353365082555,-0.5053569499810892,-0.48379942263765113,-0.40462805938837537
460,0,3,0,28.0,0,0,7.75,0,1,0,-0.007928911735796622,-0.7129901944164052,-0.48379942263765113,-0.40462805938837537
461,1,1,0,48.0,0,0,26.55,0,0,1,1.989600430826341,0.7064661675413919,-0.48379942263765113,-0.40462805938837537
462,0,3,0,34.0,0,0,8.05,0,0,1,0.5913298910328447,-0.6903392950234616,-0.48379942263765113,-0.40462805938837537
463,0,1,0,47.0,0,0,38.5,0,0,1,1.8897239636982341,1.6087269933603108,-0.48379942263765113,-0.40462805938837537
464,0,2,0,48.0,0,0,13.0,0,0,1,1.989600430826341,-0.3165994550398928,-0.48379942263765113,-0.40462805938837537
465,0,3,0,28.0,0,0,8.05,0,0,1,-0.007928911735796622,-0.6903392950234616,-0.48379942263765113,-0.40462805938837537
466,0,3,0,38.0,0,0,7.05,0,0,1,0.9908357595452723,-0.7658422929999402,-0.48379942263765113,-0.40462805938837537
467,0,2,0,28.0,0,0,0.0,0,0,1,-0.007928911735796622,-1.2981384287341142,-0.48379942263765113,-0.40462805938837537
469,0,3,0,28.0,0,0,7.725,0,1,0,-0.007928911735796622,-0.7148777693658173,-0.48379942263765113,-0.40462805938837537
471,0,3,0,28.0,0,0,7.25,0,0,1,-0.007928911735796622,-0.7507416934046446,-0.48379942263765113,-0.40462805938837537
472,0,3,0,38.0,0,0,8.6625,0,0,1,0.9908357595452723,-0.6440937087628686,-0.48379942263765113,-0.40462805938837537
473,1,2,1,33.0,1,2,27.75,0,0,1,0.49145342390473784,0.7970697651131661,0.6857897539745829,2.1438188409699888
474,1,2,1,23.0,0,0,13.7917,1,0,0,-0.507311247376331,-0.2568237315419147,-0.48379942263765113,-0.40462805938837537
475,0,3,1,22.0,0,0,9.8375,0,0,1,-0.607187714504438,-0.5553776861405062,-0.48379942263765113,-0.40462805938837537
476,0,1,0,28.0,0,0,52.0,0,0,1,-0.007928911735796622,2.6280174660427713,-0.48379942263765113,-0.40462805938837537
477,0,2,0,34.0,1,0,21.0,0,0,1,0.5913298910328447,0.28742452877193575,0.6857897539745829,-0.40462805938837537
478,0,3,0,29.0,1,0,7.0458,0,0,1,0.09194755539231027,-0.7661594055914415,0.6857897539745829,-0.40462805938837537
479,0,3,0,22.0,0,0,7.5208,0,0,1,-0.607187714504438,-0.730295481552614,-0.48379942263765113,-0.40462805938837537
481,0,3,0,9.0,5,2,46.9,0,0,1,-1.9055817871698275,2.2429521763627305,5.364146460423518,2.1438188409699888
482,0,2,0,28.0,0,0,0.0,0,0,1,-0.007928911735796622,-1.2981384287341142,-0.48379942263765113,-0.40462805938837537
483,0,3,0,50.0,0,0,8.05,0,0,1,2.189353365082555,-0.6903392950234616,-0.48379942263765113,-0.40462805938837537
486,0,3,1,28.0,3,1,25.4667,0,0,1,-0.007928911735796622,0.6246737698334726,3.024968107199051,0.8695953907908068
489,0,3,0,30.0,0,0,8.05,0,0,1,0.19182402252041716,-0.6903392950234616,-0.48379942263765113,-0.40462805938837537
490,1,3,0,9.0,1,1,15.9,0,0,1,-1.9055817871698275,-0.0976407609081049,0.6857897539745829,0.8695953907908068
491,0,3,0,28.0,1,0,19.9667,0,0,1,-0.007928911735796622,0.20940728096284042,0.6857897539745829,-0.40462805938837537
492,0,3,0,21.0,0,0,7.25,0,0,1,-0.7070641816325448,-0.7507416934046446,-0.48379942263765113,-0.40462805938837537
495,0,3,0,21.0,0,0,8.05,0,0,1,-0.7070641816325448,-0.6903392950234616,-0.48379942263765113,-0.40462805938837537
496,0,3,0,28.0,0,0,14.4583,1,0,0,-0.007928911735796622,-0.20649343309079413,-0.48379942263765113,-0.40462805938837537
498,0,3,0,28.0,0,0,15.1,0,0,1,-0.007928911735796622,-0.1580431592892878,-0.48379942263765113,-0.40462805938837537
500,0,3,0,24.0,0,0,7.7958,0,0,1,-0.40743478024822416,-0.7095321571090826,-0.48379942263765113,-0.40462805938837537
501,0,3,0,17.0,0,0,8.6625,0,0,1,-1.1065700501449725,-0.6440937087628686,-0.48379942263765113,-0.40462805938837537
502,0,3,1,21.0,0,0,7.75,0,1,0,-0.7070641816325448,-0.7129901944164052,-0.48379942263765113,-0.40462805938837537
503,0,3,1,28.0,0,0,7.6292,0,1,0,-0.007928911735796622,-0.7221109565719638,-0.48379942263765113,-0.40462805938837537
504,0,3,1,37.0,0,0,9.5875,0,0,1,0.8909592924171653,-0.5742534356346258,-0.48379942263765113,-0.40462805938837537
507,1,2,1,33.0,0,2,26.0,0,0,1,0.49145342390473784,0.6649395186543285,-0.48379942263765113,2.1438188409699888
508,1,1,0,28.0,0,0,26.55,0,0,1,-0.007928911735796622,0.7064661675413919,-0.48379942263765113,-0.40462805938837537
509,0,3,0,28.0,0,0,22.525,0,0,1,-0.007928911735796622,0.4025666006860655,-0.48379942263765113,-0.40462805938837537
510,1,3,0,26.0,0,0,56.4958,0,0,1,-0.2076818459920104,2.9674638443454238,-0.48379942263765113,-0.40462805938837537
511,1,3,0,29.0,0,0,7.75,0,1,0,0.09194755539231027,-0.7129901944164052,-0.48379942263765113,-0.40462805938837537
512,0,3,0,28.0,0,0,8.05,0,0,1,-0.007928911735796622,-0.6903392950234616,-0.48379942263765113,-0.40462805938837537
513,1,1,0,36.0,0,0,26.2875,0,0,1,0.7910828252890585,0.6866466305725663,-0.48379942263765113,-0.40462805938837537
514,1,1,1,54.0,1,0,59.4,1,0,0,2.5888592335949823,3.1867396510687125,0.6857897539745829,-0.40462805938837537
515,0,3,0,24.0,0,0,7.4958,0,0,1,-0.40743478024822416,-0.7321830565020262,-0.48379942263765113,-0.40462805938837537
516,0,1,0,47.0,0,0,34.0208,0,0,1,1.8897239636982341,1.2705339648240679,-0.48379942263765113,-0.40462805938837537
517,1,2,1,34.0,0,0,10.5,0,0,1,0.5913298910328447,-0.5053569499810892,-0.48379942263765113,-0.40462805938837537
518,0,3,0,28.0,0,0,24.15,0,1,0,-0.007928911735796622,0.5252589723978431,-0.48379942263765113,-0.40462805938837537
519,1,2,1,36.0,1,0,26.0,0,0,1,0.7910828252890585,0.6649395186543285,0.6857897539745829,-0.40462805938837537
520,0,3,0,32.0,0,0,7.8958,0,0,1,0.3915769567766309,-0.7019818573114346,-0.48379942263765113,-0.40462805938837537
522,0,3,0,22.0,0,0,7.8958,0,0,1,-0.607187714504438,-0.7019818573114346,-0.48379942263765113,-0.40462805938837537
523,0,3,0,28.0,0,0,7.225,1,0,0,-0.007928911735796622,-0.7526292683540565,-0.48379942263765113,-0.40462805938837537
524,1,1,1,44.0,0,1,57.9792,1,0,0,1.5900945623139136,3.0794649915437318,-0.48379942263765113,0.8695953907908068
525,0,3,0,28.0,0,0,7.2292,1,0,0,-0.007928911735796622,-0.7523121557625554,-0.48379942263765113,-0.40462805938837537
526,0,3,0,40.5,0,0,7.75,0,1,0,1.2405269273655395,-0.7129901944164052,-0.48379942263765113,-0.40462805938837537
527,1,2,1,50.0,0,0,10.5,0,0,1,2.189353365082555,-0.5053569499810892,-0.48379942263765113,-0.40462805938837537
529,0,3,0,39.0,0,0,7.925,0,0,1,1.090712226673379,-0.6997771697705214,-0.48379942263765113,-0.40462805938837537
530,0,2,0,23.0,2,1,11.5,0,0,1,-0.507311247376331,-0.42985395200461063,1.855378930586817,0.8695953907908068
532,0,3,0,28.0,0,0,7.2292,1,0,0,-0.007928911735796622,-0.7523121557625554,-0.48379942263765113,-0.40462805938837537
533,0,3,0,17.0,1,1,7.2292,1,0,0,-1.1065700501449725,-0.7523121557625554,0.6857897539745829,0.8695953907908068
534,1,3,1,28.0,0,2,22.3583,1,0,0,-0.007928911735796622,0.38998025092338656,-0.48379942263765113,2.1438188409699888
535,0,3,1,30.0,0,0,8.6625,0,0,1,0.19182402252041716,-0.6440937087628686,-0.48379942263765113,-0.40462805938837537
536,1,2,1,7.0,0,2,26.25,0,0,1,-2.105334721426041,0.6838152681484483,-0.48379942263765113,2.1438188409699888
537,0,1,0,45.0,0,0,26.55,0,0,1,1.6899710294420205,0.7064661675413919,-0.48379942263765113,-0.40462805938837537
539,0,3,0,28.0,0,0,14.5,0,0,1,-0.007928911735796622,-0.20334495807517494,-0.48379942263765113,-0.40462805938837537
540,1,1,1,22.0,0,2,49.5,1,0,0,-0.607187714504438,2.439259971101575,-0.48379942263765113,2.1438188409699888
542,0,3,1,9.0,4,2,31.275,0,0,1,-1.9055817871698275,1.0632178329802529,4.194557283811284,2.1438188409699888
543,0,3,1,11.0,4,2,31.275,0,0,1,-1.7058288529136136,1.0632178329802529,4.194557283811284,2.1438188409699888
544,1,2,0,32.0,1,0,26.0,0,0,1,0.3915769567766309,0.6649395186543285,0.6857897539745829,-0.40462805938837537
547,1,2,1,19.0,1,0,26.0,0,0,1,-0.9068171158887586,0.6649395186543285,0.6857897539745829,-0.40462805938837537
548,1,2,0,28.0,0,0,13.8625,1,0,0,-0.007928911735796622,-0.25147811928517994,-0.48379942263765113,-0.40462805938837537
549,0,3,0,33.0,1,1,20.525,0,0,1,0.49145342390473784,0.2515606047331083,0.6857897539745829,0.8695953907908068
550,1,2,0,8.0,1,1,36.75,0,0,1,-2.0054582542979342,1.4765967469014731,0.6857897539745829,0.8695953907908068
552,0,2,0,27.0,0,0,26.0,0,0,1,-0.10780537886390351,0.6649395186543285,-0.48379942263765113,-0.40462805938837537
553,0,3,0,28.0,0,0,7.8292,0,1,0,-0.007928911735796622,-0.7070103569766681,-0.48379942263765113,-0.40462805938837537
554,1,3,0,22.0,0,0,7.225,1,0,0,-0.607187714504438,-0.7526292683540565,-0.48379942263765113,-0.40462805938837537
555,1,3,1,22.0,0,0,7.775,0,0,1,-0.607187714504438,-0.7111026194669933,-0.48379942263765113,-0.40462805938837537
557,1,1,1,48.0,1,0,39.6,1,0,0,1.989600430826341,1.6917802911344373,0.6857897539745829,-0.40462805938837537
560,1,3,1,36.0,1,0,17.4,0,0,1,0.7910828252890585,0.015613736056612808,0.6857897539745829,-0.40462805938837537
561,0,3,0,28.0,0,0,7.75,0,1,0,-0.007928911735796622,-0.7129901944164052,-0.48379942263765113,-0.40462805938837537
562,0,3,0,40.0,0,0,7.8958,0,0,1,1.190588693801486,-0.7019818573114346,-0.48379942263765113,-0.40462805938837537
563,0,2,0,28.0,0,0,13.5,0,0,1,-0.007928911735796622,-0.2788479560516535,-0.48379942263765113,-0.40462805938837537
564,0,3,0,28.0,0,0,8.05,0,0,1,-0.007928911735796622,-0.6903392950234616,-0.48379942263765113,-0.40462805938837537
565,0,3,1,28.0,0,0,8.05,0,0,1,-0.007928911735796622,-0.6903392950234616,-0.48379942263765113,-0.40462805938837537
566,0,3,0,24.0,2,0,24.15,0,0,1,-0.40743478024822416,0.5252589723978431,1.855378930586817,-0.40462805938837537
567,0,3,0,19.0,0,0,7.8958,0,0,1,-0.9068171158887586,-0.7019818573114346,-0.48379942263765113,-0.40462805938837537
568,0,3,1,29.0,0,4,21.075,0,0,1,0.09194755539231027,0.2930872536201716,-0.48379942263765113,4.692265741328353
569,0,3,0,28.0,0,0,7.2292,1,0,0,-0.007928911735796622,-0.7523121557625554,-0.48379942263765113,-0.40462805938837537
570,1,3,0,32.0,0,0,7.8542,0,0,1,0.3915769567766309,-0.7051227820272563,-0.48379942263765113,-0.40462805938837537
572,1,1,1,53.0,2,0,51.4792,0,0,1,2.4889827664668758,2.5886955046966214,1.855378930586817,-0.40462805938837537
573,1,1,0,36.0,0,0,26.3875,0,0,1,0.7910828252890585,0.694196930370214,-0.48379942263765113,-0.40462805938837537
574,1,3,1,28.0,0,0,7.75,0,1,0,-0.007928911735796622,-0.7129901944164052,-0.48379942263765113,-0.40462805938837537
575,0,3,0,16.0,0,0,8.05,0,0,1,-1.2064465172730792,-0.6903392950234616,-0.48379942263765113,-0.40462805938837537
576,0,3,0,19.0,0,0,14.5,0,0,1,-0.9068171158887586,-0.20334495807517494,-0.48379942263765113,-0.40462805938837537
577,1,2,1,34.0,0,0,13.0,0,0,1,0.5913298910328447,-0.3165994550398928,-0.48379942263765113,-0.40462805938837537
578,1,1,1,39.0,1,0,55.9,0,0,1,1.090712226673379,2.9224791581510376,0.6857897539745829,-0.40462805938837537
579,0,3,1,28.0,1,0,14.4583,1,0,0,-0.007928911735796622,-0.20649343309079413,0.6857897539745829,-0.40462805938837537
580,1,3,0,32.0,0,0,7.925,0,0,1,0.3915769567766309,-0.6997771697705214,-0.48379942263765113,-0.40462805938837537
581,1,2,1,25.0,1,1,30.0,0,0,1,-0.3075583131201173,0.9669515105602429,0.6857897539745829,0.8695953907908068
583,0,2,0,54.0,0,0,26.0,0,0,1,2.5888592335949823,0.6649395186543285,-0.48379942263765113,-0.40462805938837537
584,0,1,0,36.0,0,0,40.125,1,0,0,0.7910828252890585,1.7314193650720884,-0.48379942263765113,-0.40462805938837537
585,0,3,0,28.0,0,0,8.7125,1,0,0,-0.007928911735796622,-0.6403185588640447,-0.48379942263765113,-0.40462805938837537
587,0,2,0,47.0,0,0,15.0,0,0,1,1.8897239636982341,-0.16559345908693565,-0.48379942263765113,-0.40462805938837537
589,0,3,0,22.0,0,0,8.05,0,0,1,-0.607187714504438,-0.6903392950234616,-0.48379942263765113,-0.40462805938837537
590,0,3,0,28.0,0,0,8.05,0,0,1,-0.007928911735796622,-0.6903392950234616,-0.48379942263765113,-0.40462805938837537
591,0,3,0,35.0,0,0,7.125,0,0,1,0.6912063581609516,-0.7601795681517044,-0.48379942263765113,-0.40462805938837537
593,0,3,0,47.0,0,0,7.25,0,0,1,1.8897239636982341,-0.7507416934046446,-0.48379942263765113,-0.40462805938837537
594,0,3,1,28.0,0,2,7.75,0,1,0,-0.007928911735796622,-0.7129901944164052,-0.48379942263765113,2.1438188409699888
595,0,2,0,37.0,1,0,26.0,0,0,1,0.8909592924171653,0.6649395186543285,0.6857897539745829,-0.40462805938837537
596,0,3,0,36.0,1,1,24.15,0,0,1,0.7910828252890585,0.5252589723978431,0.6857897539745829,0.8695953907908068
597,1,2,1,28.0,0,0,33.0,0,0,1,-0.007928911735796622,1.1934605044896787,-0.48379942263765113,-0.40462805938837537
598,0,3,0,49.0,0,0,0.0,0,0,1,2.089476897954448,-1.2981384287341142,-0.48379942263765113,-0.40462805938837537
599,0,3,0,28.0,0,0,7.225,1,0,0,-0.007928911735796622,-0.7526292683540565,-0.48379942263765113,-0.40462805938837537
600,1,1,0,49.0,1,0,56.9292,1,0,0,2.089476897954448,3.0001868436684296,0.6857897539745829,-0.40462805938837537
601,1,2,1,24.0,2,1,27.0,0,0,1,-0.40743478024822416,0.7404425166308072,1.855378930586817,0.8695953907908068
602,0,3,0,28.0,0,0,7.8958,0,0,1,-0.007928911735796622,-0.7019818573114346,-0.48379942263765113,-0.40462805938837537
603,0,1,0,28.0,0,0,42.4,0,0,1,-0.007928911735796622,1.903188685468577,-0.48379942263765113,-0.40462805938837537
604,0,3,0,44.0,0,0,8.05,0,0,1,1.5900945623139136,-0.6903392950234616,-0.48379942263765113,-0.40462805938837537
605,1,1,0,35.0,0,0,26.55,1,0,0,0.6912063581609516,0.7064661675413919,-0.48379942263765113,-0.40462805938837537
606,0,3,0,36.0,1,0,15.55,0,0,1,0.7910828252890585,-0.12406681019987238,0.6857897539745829,-0.40462805938837537
607,0,3,0,30.0,0,0,7.8958,0,0,1,0.19182402252041716,-0.7019818573114346,-0.48379942263765113,-0.40462805938837537
608,1,1,0,27.0,0,0,30.5,0,0,1,-0.10780537886390351,1.0047030095484821,-0.48379942263765113,-0.40462805938837537
609,1,2,1,22.0,1,2,41.5792,1,0,0,-0.607187714504438,1.8412158247294834,0.6857897539745829,2.1438188409699888
611,0,3,1,39.0,1,5,31.275,0,0,1,1.090712226673379,1.0632178329802529,0.6857897539745829,5.966489191507536
612,0,3,0,28.0,0,0,7.05,0,0,1,-0.007928911735796622,-0.7658422929999402,-0.48379942263765113,-0.40462805938837537
613,1,3,1,28.0,1,0,15.5,0,1,0,-0.007928911735796622,-0.12784196009869636,0.6857897539745829,-0.40462805938837537
614,0,3,0,28.0,0,0,7.75,0,1,0,-0.007928911735796622,-0.7129901944164052,-0.48379942263765113,-0.40462805938837537
615,0,3,0,35.0,0,0,8.05,0,0,1,0.6912063581609516,-0.6903392950234616,-0.48379942263765113,-0.40462805938837537
617,0,3,0,34.0,1,1,14.4,0,0,1,0.5913298910328447,-0.21089525787282276,0.6857897539745829,0.8695953907908068
618,0,3,1,26.0,1,0,16.1,0,0,1,-0.2076818459920104,-0.08254016131280911,0.6857897539745829,-0.40462805938837537
619,1,2,1,4.0,2,1,39.0,0,0,1,-2.404964122810362,1.64647849234855,1.855378930586817,0.8695953907908068
620,0,2,0,26.0,0,0,10.5,0,0,1,-0.2076818459920104,-0.5053569499810892,-0.48379942263765113,-0.40462805938837537
621,0,3,0,27.0,1,0,14.4542,1,0,0,-0.10780537886390351,-0.20680299538249763,0.6857897539745829,-0.40462805938837537
622,1,1,0,42.0,1,0,52.5542,0,0,1,1.3903416280577,2.669861227521336,0.6857897539745829,-0.40462805938837537
623,1,3,0,20.0,1,1,15.7417,1,0,0,-0.8069406487606517,-0.10959288548778151,0.6857897539745829,0.8695953907908068
624,0,3,0,21.0,0,0,7.8542,0,0,1,-0.7070641816325448,-0.7051227820272563,-0.48379942263765113,-0.40462805938837537
625,0,3,0,21.0,0,0,16.1,0,0,1,-0.7070641816325448,-0.08254016131280911,-0.48379942263765113,-0.40462805938837537
629,0,3,0,26.0,0,0,7.8958,0,0,1,-0.2076818459920104,-0.7019818573114346,-0.48379942263765113,-0.40462805938837537
630,0,3,0,28.0,0,0,7.7333,0,1,0,-0.007928911735796622,-0.7142510944826125,-0.48379942263765113,-0.40462805938837537
632,0,3,0,51.0,0,0,7.0542,0,0,1,2.289229832210662,-0.7655251804084391,-0.48379942263765113,-0.40462805938837537
633,1,1,0,32.0,0,0,30.5,1,0,0,0.3915769567766309,1.0047030095484821,-0.48379942263765113,-0.40462805938837537
634,0,1,0,28.0,0,0,0.0,0,0,1,-0.007928911735796622,-1.2981384287341142,-0.48379942263765113,-0.40462805938837537
635,0,3,1,9.0,3,2,27.9,0,0,1,-1.9055817871698275,0.8083952148096377,3.024968107199051,2.1438188409699888
636,1,2,1,28.0,0,0,13.0,0,0,1,-0.007928911735796622,-0.3165994550398928,-0.48379942263765113,-0.40462805938837537
637,0,3,0,32.0,0,0,7.925,0,0,1,0.3915769567766309,-0.6997771697705214,-0.48379942263765113,-0.40462805938837537
638,0,2,0,31.0,1,1,26.25,0,0,1,0.291700489648524,0.6838152681484483,0.6857897539745829,0.8695953907908068
639,0,3,1,41.0,0,5,39.6875,0,0,1,1.290465160929593,1.698386803457379,-0.48379942263765113,5.966489191507536
640,0,3,0,28.0,1,0,16.1,0,0,1,-0.007928911735796622,-0.08254016131280911,0.6857897539745829,-0.40462805938837537
641,0,3,0,20.0,0,0,7.8542,0,0,1,-0.8069406487606517,-0.7051227820272563,-0.48379942263765113,-0.40462805938837537
644,1,3,0,28.0,0,0,56.4958,0,0,1,-0.007928911735796622,2.9674638443454238,-0.48379942263765113,-0.40462805938837537
647,0,3,0,19.0,0,0,7.8958,0,0,1,-0.9068171158887586,-0.7019818573114346,-0.48379942263765113,-0.40462805938837537
649,0,3,0,28.0,0,0,7.55,0,0,1,-0.007928911735796622,-0.728090794011701,-0.48379942263765113,-0.40462805938837537
650,1,3,1,23.0,0,0,7.55,0,0,1,-0.507311247376331,-0.728090794011701,-0.48379942263765113,-0.40462805938837537
651,0,3,0,28.0,0,0,7.8958,0,0,1,-0.007928911735796622,-0.7019818573114346,-0.48379942263765113,-0.40462805938837537
652,1,2,1,18.0,0,1,23.0,0,0,1,-1.0066935830168655,0.4384305247248929,-0.48379942263765113,0.8695953907908068
653,0,3,0,21.0,0,0,8.4333,0,0,1,-0.7070641816325448,-0.6613989958990775,-0.48379942263765113,-0.40462805938837537
654,1,3,1,28.0,0,0,7.8292,0,1,0,-0.007928911735796622,-0.7070103569766681,-0.48379942263765113,-0.40462805938837537
655,0,3,1,18.0,0,0,6.75,0,1,0,-1.0066935830168655,-0.7884931923928838,-0.48379942263765113,-0.40462805938837537
657,0,3,0,28.0,0,0,7.8958,0,0,1,-0.007928911735796622,-0.7019818573114346,-0.48379942263765113,-0.40462805938837537
658,0,3,1,32.0,1,1,15.5,0,1,0,0.3915769567766309,-0.12784196009869636,0.6857897539745829,0.8695953907908068
659,0,2,0,23.0,0,0,13.0,0,0,1,-0.507311247376331,-0.3165994550398928,-0.48379942263765113,-0.40462805938837537
662,0,3,0,40.0,0,0,7.225,1,0,0,1.190588693801486,-0.7526292683540565,-0.48379942263765113,-0.40462805938837537
663,0,1,0,47.0,0,0,25.5875,0,0,1,1.8897239636982341,0.6337945319890311,-0.48379942263765113,-0.40462805938837537
664,0,3,0,36.0,0,0,7.4958,0,0,1,0.7910828252890585,-0.7321830565020262,-0.48379942263765113,-0.40462805938837537
665,1,3,0,20.0,1,0,7.925,0,0,1,-0.8069406487606517,-0.6997771697705214,0.6857897539745829,-0.40462805938837537
667,0,2,0,25.0,0,0,13.0,0,0,1,-0.3075583131201173,-0.3165994550398928,-0.48379942263765113,-0.40462805938837537
668,0,3,0,28.0,0,0,7.775,0,0,1,-0.007928911735796622,-0.7111026194669933,-0.48379942263765113,-0.40462805938837537
669,0,3,0,43.0,0,0,8.05,0,0,1,1.4902180951858066,-0.6903392950234616,-0.48379942263765113,-0.40462805938837537
670,1,1,1,28.0,1,0,52.0,0,0,1,-0.007928911735796622,2.6280174660427713,0.6857897539745829,-0.40462805938837537
671,1,2,1,40.0,1,1,39.0,0,0,1,1.190588693801486,1.64647849234855,0.6857897539745829,0.8695953907908068
672,0,1,0,31.0,1,0,52.0,0,0,1,0.291700489648524,2.6280174660427713,0.6857897539745829,-0.40462805938837537
674,1,2,0,31.0,0,0,13.0,0,0,1,0.291700489648524,-0.3165994550398928,-0.48379942263765113,-0.40462805938837537
675,0,2,0,28.0,0,0,0.0,0,0,1,-0.007928911735796622,-1.2981384287341142,-0.48379942263765113,-0.40462805938837537
676,0,3,0,18.0,0,0,7.775,0,0,1,-1.0066935830168655,-0.7111026194669933,-0.48379942263765113,-0.40462805938837537
677,0,3,0,24.5,0,0,8.05,0,0,1,-0.35749654668417075,-0.6903392950234616,-0.48379942263765113,-0.40462805938837537
678,1,3,1,18.0,0,0,9.8417,0,0,1,-1.0066935830168655,-0.5550605735490051,-0.48379942263765113,-0.40462805938837537
679,0,3,1,43.0,1,6,46.9,0,0,1,1.4902180951858066,2.2429521763627305,0.6857897539745829,7.240712641686718
681,0,3,1,28.0,0,0,8.1375,0,1,0,-0.007928911735796622,-0.6837327827005198,-0.48379942263765113,-0.40462805938837537
683,0,3,0,20.0,0,0,9.225,0,0,1,-0.8069406487606517,-0.6016232724010994,-0.48379942263765113,-0.40462805938837537
684,0,3,0,14.0,5,2,46.9,0,0,1,-1.406199451529293,2.2429521763627305,5.364146460423518,2.1438188409699888
686,0,2,0,25.0,1,2,41.5792,1,0,0,-0.3075583131201173,1.8412158247294834,0.6857897539745829,2.1438188409699888
687,0,3,0,14.0,4,1,39.6875,0,0,1,-1.406199451529293,1.698386803457379,4.194557283811284,0.8695953907908068
688,0,3,0,19.0,0,0,10.1708,0,0,1,-0.9068171158887586,-0.530212536914946,-0.48379942263765113,-0.40462805938837537
689,0,3,0,18.0,0,0,7.7958,0,0,1,-1.0066935830168655,-0.7095321571090826,-0.48379942263765113,-0.40462805938837537
691,1,1,0,31.0,1,0,57.0,0,0,1,0.291700489648524,3.0055324559251644,0.6857897539745829,-0.40462805938837537
692,1,3,1,4.0,0,1,13.4167,1,0,0,-2.404964122810362,-0.2851373557830941,-0.48379942263765113,0.8695953907908068
693,1,3,0,28.0,0,0,56.4958,0,0,1,-0.007928911735796622,2.9674638443454238,-0.48379942263765113,-0.40462805938837537
694,0,3,0,25.0,0,0,7.225,1,0,0,-0.3075583131201173,-0.7526292683540565,-0.48379942263765113,-0.40462805938837537
696,0,2,0,52.0,0,0,13.5,0,0,1,2.389106299338769,-0.2788479560516535,-0.48379942263765113,-0.40462805938837537
697,0,3,0,44.0,0,0,8.05,0,0,1,1.5900945623139136,-0.6903392950234616,-0.48379942263765113,-0.40462805938837537
698,1,3,1,28.0,0,0,7.7333,0,1,0,-0.007928911735796622,-0.7142510944826125,-0.48379942263765113,-0.40462805938837537
700,0,3,0,42.0,0,0,7.65,0,0,1,1.3903416280577,-0.7205404942140531,-0.48379942263765113,-0.40462805938837537
702,1,1,0,35.0,0,0,26.2875,0,0,1,0.6912063581609516,0.6866466305725663,-0.48379942263765113,-0.40462805938837537
703,0,3,1,18.0,0,1,14.4542,1,0,0,-1.0066935830168655,-0.20680299538249763,-0.48379942263765113,0.8695953907908068
704,0,3,0,25.0,0,0,7.7417,0,1,0,-0.3075583131201173,-0.71361686929961,-0.48379942263765113,-0.40462805938837537
705,0,3,0,26.0,1,0,7.8542,0,0,1,-0.2076818459920104,-0.7051227820272563,0.6857897539745829,-0.40462805938837537
706,0,2,0,39.0,0,0,26.0,0,0,1,1.090712226673379,0.6649395186543285,-0.48379942263765113,-0.40462805938837537
707,1,2,1,45.0,0,0,13.5,0,0,1,1.6899710294420205,-0.2788479560516535,-0.48379942263765113,-0.40462805938837537
708,1,1,0,42.0,0,0,26.2875,0,0,1,1.3903416280577,0.6866466305725663,-0.48379942263765113,-0.40462805938837537
710,1,3,0,28.0,1,1,15.2458,1,0,0,-0.007928911735796622,-0.14703482218431727,0.6857897539745829,0.8695953907908068
711,1,1,1,24.0,0,0,49.5042,1,0,0,-0.40743478024822416,2.439577083693076,-0.48379942263765113,-0.40462805938837537
712,0,1,0,28.0,0,0,26.55,0,0,1,-0.007928911735796622,0.7064661675413919,-0.48379942263765113,-0.40462805938837537
713,1,1,0,48.0,1,0,52.0,0,0,1,1.989600430826341,2.6280174660427713,0.6857897539745829,-0.40462805938837537
714,0,3,0,29.0,0,0,9.4833,0,0,1,0.09194755539231027,-0.582120848023775,-0.48379942263765113,-0.40462805938837537
715,0,2,0,52.0,0,0,13.0,0,0,1,2.389106299338769,-0.3165994550398928,-0.48379942263765113,-0.40462805938837537
716,0,3,0,19.0,0,0,7.65,0,0,1,-0.9068171158887586,-0.7205404942140531,-0.48379942263765113,-0.40462805938837537
718,1,2,1,27.0,0,0,10.5,0,0,1,-0.10780537886390351,-0.5053569499810892,-0.48379942263765113,-0.40462805938837537
719,0,3,0,28.0,0,0,15.5,0,1,0,-0.007928911735796622,-0.12784196009869636,-0.48379942263765113,-0.40462805938837537
720,0,3,0,33.0,0,0,7.775,0,0,1,0.49145342390473784,-0.7111026194669933,-0.48379942263765113,-0.40462805938837537
721,1,2,1,6.0,0,1,33.0,0,0,1,-2.205211188554148,1.1934605044896787,-0.48379942263765113,0.8695953907908068
722,0,3,0,17.0,1,0,7.0542,0,0,1,-1.1065700501449725,-0.7655251804084391,0.6857897539745829,-0.40462805938837537
723,0,2,0,34.0,0,0,13.0,0,0,1,0.5913298910328447,-0.3165994550398928,-0.48379942263765113,-0.40462805938837537
724,0,2,0,50.0,0,0,13.0,0,0,1,2.189353365082555,-0.3165994550398928,-0.48379942263765113,-0.40462805938837537
725,1,1,0,27.0,1,0,53.1,0,0,1,-0.10780537886390351,2.711070763816898,0.6857897539745829,-0.40462805938837537
726,0,3,0,20.0,0,0,8.6625,0,0,1,-0.8069406487606517,-0.6440937087628686,-0.48379942263765113,-0.40462805938837537
727,1,2,1,30.0,3,0,21.0,0,0,1,0.19182402252041716,0.28742452877193575,3.024968107199051,-0.40462805938837537
728,1,3,1,28.0,0,0,7.7375,0,1,0,-0.007928911735796622,-0.7139339818911112,-0.48379942263765113,-0.40462805938837537
729,0,2,0,25.0,1,0,26.0,0,0,1,-0.3075583131201173,0.6649395186543285,0.6857897539745829,-0.40462805938837537
730,0,3,1,25.0,1,0,7.925,0,0,1,-0.3075583131201173,-0.6997771697705214,0.6857897539745829,-0.40462805938837537
732,0,3,0,11.0,0,0,18.7875,1,0,0,-1.7058288529136136,0.12037414574897704,-0.48379942263765113,-0.40462805938837537
733,0,2,0,28.0,0,0,0.0,0,0,1,-0.007928911735796622,-1.2981384287341142,-0.48379942263765113,-0.40462805938837537
734,0,2,0,23.0,0,0,13.0,0,0,1,-0.507311247376331,-0.3165994550398928,-0.48379942263765113,-0.40462805938837537
735,0,2,0,23.0,0,0,13.0,0,0,1,-0.507311247376331,-0.3165994550398928,-0.48379942263765113,-0.40462805938837537
736,0,3,0,28.5,0,0,16.1,0,0,1,0.04200932182825682,-0.08254016131280911,-0.48379942263765113,-0.40462805938837537
737,0,3,1,48.0,1,3,34.375,0,0,1,1.989600430826341,1.2972771267073366,0.6857897539745829,3.4180422911491712
739,0,3,0,28.0,0,0,7.8958,0,0,1,-0.007928911735796622,-0.7019818573114346,-0.48379942263765113,-0.40462805938837537
740,0,3,0,28.0,0,0,7.8958,0,0,1,-0.007928911735796622,-0.7019818573114346,-0.48379942263765113,-0.40462805938837537
741,1,1,0,28.0,0,0,30.0,0,0,1,-0.007928911735796622,0.9669515105602429,-0.48379942263765113,-0.40462805938837537
744,0,3,0,24.0,1,0,16.1,0,0,1,-0.40743478024822416,-0.08254016131280911,0.6857897539745829,-0.40462805938837537
745,1,3,0,31.0,0,0,7.925,0,0,1,0.291700489648524,-0.6997771697705214,-0.48379942263765113,-0.40462805938837537
747,0,3,0,16.0,1,1,20.25,0,0,1,-1.2064465172730792,0.23079728028957683,0.6857897539745829,0.8695953907908068
748,1,2,1,30.0,0,0,13.0,0,0,1,0.19182402252041716,-0.3165994550398928,-0.48379942263765113,-0.40462805938837537
749,0,1,0,19.0,1,0,53.1,0,0,1,-0.9068171158887586,2.711070763816898,0.6857897539745829,-0.40462805938837537
750,0,3,0,31.0,0,0,7.75,0,1,0,0.291700489648524,-0.7129901944164052,-0.48379942263765113,-0.40462805938837537
751,1,2,1,4.0,1,1,23.0,0,0,1,-2.404964122810362,0.4384305247248929,0.6857897539745829,0.8695953907908068
752,1,3,0,6.0,0,1,12.475,0,0,1,-2.205211188554148,-0.35623852897754404,-0.48379942263765113,0.8695953907908068
753,0,3,0,33.0,0,0,9.5,0,0,1,0.49145342390473784,-0.5808599479575678,-0.48379942263765113,-0.40462805938837537
754,0,3,0,23.0,0,0,7.8958,0,0,1,-0.507311247376331,-0.7019818573114346,-0.48379942263765113,-0.40462805938837537
757,0,3,0,28.0,0,0,7.7958,0,0,1,-0.007928911735796622,-0.7095321571090826,-0.48379942263765113,-0.40462805938837537
758,0,2,0,18.0,0,0,11.5,0,0,1,-1.0066935830168655,-0.42985395200461063,-0.48379942263765113,-0.40462805938837537
759,0,3,0,34.0,0,0,8.05,0,0,1,0.5913298910328447,-0.6903392950234616,-0.48379942263765113,-0.40462805938837537
761,0,3,0,28.0,0,0,14.5,0,0,1,-0.007928911735796622,-0.20334495807517494,-0.48379942263765113,-0.40462805938837537
762,0,3,0,41.0,0,0,7.125,0,0,1,1.290465160929593,-0.7601795681517044,-0.48379942263765113,-0.40462805938837537
763,1,3,0,20.0,0,0,7.2292,1,0,0,-0.8069406487606517,-0.7523121557625554,-0.48379942263765113,-0.40462805938837537
765,0,3,0,16.0,0,0,7.775,0,0,1,-1.2064465172730792,-0.7111026194669933,-0.48379942263765113,-0.40462805938837537
767,0,1,0,28.0,0,0,39.6,1,0,0,-0.007928911735796622,1.6917802911344373,-0.48379942263765113,-0.40462805938837537
768,0,3,1,30.5,0,0,7.75,0,1,0,0.2417622560844706,-0.7129901944164052,-0.48379942263765113,-0.40462805938837537
769,0,3,0,28.0,1,0,24.15,0,1,0,-0.007928911735796622,0.5252589723978431,0.6857897539745829,-0.40462805938837537
770,0,3,0,32.0,0,0,8.3625,0,0,1,0.3915769567766309,-0.666744608155812,-0.48379942263765113,-0.40462805938837537
771,0,3,0,24.0,0,0,9.5,0,0,1,-0.40743478024822416,-0.5808599479575678,-0.48379942263765113,-0.40462805938837537
772,0,3,0,48.0,0,0,7.8542,0,0,1,1.989600430826341,-0.7051227820272563,-0.48379942263765113,-0.40462805938837537
774,0,3,0,28.0,0,0,7.225,1,0,0,-0.007928911735796622,-0.7526292683540565,-0.48379942263765113,-0.40462805938837537
775,1,2,1,54.0,1,3,23.0,0,0,1,2.5888592335949823,0.4384305247248929,0.6857897539745829,3.4180422911491712
776,0,3,0,18.0,0,0,7.75,0,0,1,-1.0066935830168655,-0.7129901944164052,-0.48379942263765113,-0.40462805938837537
777,0,3,0,28.0,0,0,7.75,0,1,0,-0.007928911735796622,-0.7129901944164052,-0.48379942263765113,-0.40462805938837537
778,1,3,1,5.0,0,0,12.475,0,0,1,-2.305087655682255,-0.35623852897754404,-0.48379942263765113,-0.40462805938837537
779,0,3,0,28.0,0,0,7.7375,0,1,0,-0.007928911735796622,-0.7139339818911112,-0.48379942263765113,-0.40462805938837537
781,1,3,1,13.0,0,0,7.2292,1,0,0,-1.5060759186574,-0.7523121557625554,-0.48379942263765113,-0.40462805938837537
782,1,1,1,17.0,1,0,57.0,0,0,1,-1.1065700501449725,3.0055324559251644,0.6857897539745829,-0.40462805938837537
783,0,1,0,29.0,0,0,30.0,0,0,1,0.09194755539231027,0.9669515105602429,-0.48379942263765113,-0.40462805938837537
784,0,3,0,28.0,1,2,23.45,0,0,1,-0.007928911735796622,0.4724068738143082,0.6857897539745829,2.1438188409699888
785,0,3,0,25.0,0,0,7.05,0,0,1,-0.3075583131201173,-0.7658422929999402,-0.48379942263765113,-0.40462805938837537
786,0,3,0,25.0,0,0,7.25,0,0,1,-0.3075583131201173,-0.7507416934046446,-0.48379942263765113,-0.40462805938837537
787,1,3,1,18.0,0,0,7.4958,0,0,1,-1.0066935830168655,-0.7321830565020262,-0.48379942263765113,-0.40462805938837537
788,0,3,0,8.0,4,1,29.125,0,1,0,-2.0054582542979342,0.9008863873308242,4.194557283811284,0.8695953907908068
791,0,3,0,28.0,0,0,7.75,0,1,0,-0.007928911735796622,-0.7129901944164052,-0.48379942263765113,-0.40462805938837537
792,0,2,0,16.0,0,0,26.0,0,0,1,-1.2064465172730792,0.6649395186543285,-0.48379942263765113,-0.40462805938837537
794,0,1,0,28.0,0,0,30.6958,1,0,0,-0.007928911735796622,1.0194864965522765,-0.48379942263765113,-0.40462805938837537
795,0,3,0,25.0,0,0,7.8958,0,0,1,-0.3075583131201173,-0.7019818573114346,-0.48379942263765113,-0.40462805938837537
796,0,2,0,39.0,0,0,13.0,0,0,1,1.090712226673379,-0.3165994550398928,-0.48379942263765113,-0.40462805938837537
797,1,1,1,49.0,0,0,25.9292,0,0,1,2.089476897954448,0.6595939063975941,-0.48379942263765113,-0.40462805938837537
798,1,3,1,31.0,0,0,8.6833,0,0,1,0.291700489648524,-0.6425232464049578,-0.48379942263765113,-0.40462805938837537
799,0,3,0,30.0,0,0,7.2292,1,0,0,0.19182402252041716,-0.7523121557625554,-0.48379942263765113,-0.40462805938837537
800,0,3,1,30.0,1,1,24.15,0,0,1,0.19182402252041716,0.5252589723978431,0.6857897539745829,0.8695953907908068
801,0,2,0,34.0,0,0,13.0,0,0,1,0.5913298910328447,-0.3165994550398928,-0.48379942263765113,-0.40462805938837537
802,1,2,1,31.0,1,1,26.25,0,0,1,0.291700489648524,0.6838152681484483,0.6857897539745829,0.8695953907908068
805,1,3,0,27.0,0,0,6.975,0,0,1,-0.10780537886390351,-0.7715050178481762,-0.48379942263765113,-0.40462805938837537
806,0,3,0,31.0,0,0,7.775,0,0,1,0.291700489648524,-0.7111026194669933,-0.48379942263765113,-0.40462805938837537
807,0,1,0,39.0,0,0,0.0,0,0,1,1.090712226673379,-1.2981384287341142,-0.48379942263765113,-0.40462805938837537
808,0,3,1,18.0,0,0,7.775,0,0,1,-1.0066935830168655,-0.7111026194669933,-0.48379942263765113,-0.40462805938837537
809,0,2,0,39.0,0,0,13.0,0,0,1,1.090712226673379,-0.3165994550398928,-0.48379942263765113,-0.40462805938837537
810,1,1,1,33.0,1,0,53.1,0,0,1,0.49145342390473784,2.711070763816898,0.6857897539745829,-0.40462805938837537
811,0,3,0,26.0,0,0,7.8875,0,0,1,-0.2076818459920104,-0.7026085321946395,-0.48379942263765113,-0.40462805938837537
812,0,3,0,39.0,0,0,24.15,0,0,1,1.090712226673379,0.5252589723978431,-0.48379942263765113,-0.40462805938837537
813,0,2,0,35.0,0,0,10.5,0,0,1,0.6912063581609516,-0.5053569499810892,-0.48379942263765113,-0.40462805938837537
814,0,3,1,6.0,4,2,31.275,0,0,1,-2.205211188554148,1.0632178329802529,4.194557283811284,2.1438188409699888
815,0,3,0,30.5,0,0,8.05,0,0,1,0.2417622560844706,-0.6903392950234616,-0.48379942263765113,-0.40462805938837537
816,0,1,0,28.0,0,0,0.0,0,0,1,-0.007928911735796622,-1.2981384287341142,-0.48379942263765113,-0.40462805938837537
817,0,3,1,23.0,0,0,7.925,0,0,1,-0.507311247376331,-0.6997771697705214,-0.48379942263765113,-0.40462805938837537
818,0,2,0,31.0,1,1,37.0042,1,0,0,0.291700489648524,1.495789608987094,0.6857897539745829,0.8695953907908068
819,0,3,0,43.0,0,0,6.45,0,0,1,1.4902180951858066,-0.8111440917858275,-0.48379942263765113,-0.40462805938837537
820,0,3,0,10.0,3,2,27.9,0,0,1,-1.8057053200417206,0.8083952148096377,3.024968107199051,2.1438188409699888
822,1,3,0,27.0,0,0,8.6625,0,0,1,-0.10780537886390351,-0.6440937087628686,-0.48379942263765113,-0.40462805938837537
823,0,1,0,38.0,0,0,0.0,0,0,1,0.9908357595452723,-1.2981384287341142,-0.48379942263765113,-0.40462805938837537
824,1,3,1,27.0,0,1,12.475,0,0,1,-0.10780537886390351,-0.35623852897754404,-0.48379942263765113,0.8695953907908068
826,0,3,0,28.0,0,0,6.95,0,1,0,-0.007928911735796622,-0.7733925927975882,-0.48379942263765113,-0.40462805938837537
827,0,3,0,28.0,0,0,56.4958,0,0,1,-0.007928911735796622,2.9674638443454238,-0.48379942263765113,-0.40462805938837537
829,1,3,0,28.0,0,0,7.75,0,1,0,-0.007928911735796622,-0.7129901944164052,-0.48379942263765113,-0.40462805938837537
831,1,3,1,15.0,1,0,14.4542,1,0,0,-1.306322984401186,-0.20680299538249763,0.6857897539745829,-0.40462805938837537
833,0,3,0,28.0,0,0,7.2292,1,0,0,-0.007928911735796622,-0.7523121557625554,-0.48379942263765113,-0.40462805938837537
834,0,3,0,23.0,0,0,7.8542,0,0,1,-0.507311247376331,-0.7051227820272563,-0.48379942263765113,-0.40462805938837537
835,0,3,0,18.0,0,0,8.3,0,0,1,-1.0066935830168655,-0.671463545529342,-0.48379942263765113,-0.40462805938837537
837,0,3,0,21.0,0,0,8.6625,0,0,1,-0.7070641816325448,-0.6440937087628686,-0.48379942263765113,-0.40462805938837537
838,0,3,0,28.0,0,0,8.05,0,0,1,-0.007928911735796622,-0.6903392950234616,-0.48379942263765113,-0.40462805938837537
839,1,3,0,32.0,0,0,56.4958,0,0,1,0.3915769567766309,2.9674638443454238,-0.48379942263765113,-0.40462805938837537
840,1,1,0,28.0,0,0,29.7,1,0,0,-0.007928911735796622,0.9443006111672992,-0.48379942263765113,-0.40462805938837537
841,0,3,0,20.0,0,0,7.925,0,0,1,-0.8069406487606517,-0.6997771697705214,-0.48379942263765113,-0.40462805938837537
842,0,2,0,16.0,0,0,10.5,0,0,1,-1.2064465172730792,-0.5053569499810892,-0.48379942263765113,-0.40462805938837537
843,1,1,1,30.0,0,0,31.0,1,0,0,0.19182402252041716,1.0424545085367214,-0.48379942263765113,-0.40462805938837537
844,0,3,0,34.5,0,0,6.4375,1,0,0,0.6412681245968982,-0.8120878792605334,-0.48379942263765113,-0.40462805938837537
845,0,3,0,17.0,0,0,8.6625,0,0,1,-1.1065700501449725,-0.6440937087628686,-0.48379942263765113,-0.40462805938837537
846,0,3,0,42.0,0,0,7.55,0,0,1,1.3903416280577,-0.728090794011701,-0.48379942263765113,-0.40462805938837537
848,0,3,0,35.0,0,0,7.8958,1,0,0,0.6912063581609516,-0.7019818573114346,-0.48379942263765113,-0.40462805938837537
849,0,2,0,28.0,0,1,33.0,0,0,1,-0.007928911735796622,1.1934605044896787,-0.48379942263765113,0.8695953907908068
851,0,3,0,4.0,4,2,31.275,0,0,1,-2.404964122810362,1.0632178329802529,4.194557283811284,2.1438188409699888
853,0,3,1,9.0,1,1,15.2458,1,0,0,-1.9055817871698275,-0.14703482218431727,0.6857897539745829,0.8695953907908068
854,1,1,1,16.0,0,1,39.4,0,0,1,-1.2064465172730792,1.6766796915391413,-0.48379942263765113,0.8695953907908068
855,0,2,1,44.0,1,0,26.0,0,0,1,1.5900945623139136,0.6649395186543285,0.6857897539745829,-0.40462805938837537
856,1,3,1,18.0,0,1,9.35,0,0,1,-1.0066935830168655,-0.5921853976540395,-0.48379942263765113,0.8695953907908068
858,1,1,0,51.0,0,0,26.55,0,0,1,2.289229832210662,0.7064661675413919,-0.48379942263765113,-0.40462805938837537
859,1,3,1,24.0,0,3,19.2583,1,0,0,-0.40743478024822416,0.15592095719630292,-0.48379942263765113,3.4180422911491712
860,0,3,0,28.0,0,0,7.2292,1,0,0,-0.007928911735796622,-0.7523121557625554,-0.48379942263765113,-0.40462805938837537
861,0,3,0,41.0,2,0,14.1083,0,0,1,1.290465160929593,-0.2329194823825616,1.855378930586817,-0.40462805938837537
862,0,2,0,21.0,1,0,11.5,0,0,1,-0.7070641816325448,-0.42985395200461063,0.6857897539745829,-0.40462805938837537
863,1,1,1,48.0,0,0,25.9292,0,0,1,1.989600430826341,0.6595939063975941,-0.48379942263765113,-0.40462805938837537
865,0,2,0,24.0,0,0,13.0,0,0,1,-0.40743478024822416,-0.3165994550398928,-0.48379942263765113,-0.40462805938837537
866,1,2,1,42.0,0,0,13.0,0,0,1,1.3903416280577,-0.3165994550398928,-0.48379942263765113,-0.40462805938837537
867,1,2,1,27.0,1,0,13.8583,1,0,0,-0.10780537886390351,-0.25179523187668124,0.6857897539745829,-0.40462805938837537
868,0,1,0,31.0,0,0,50.4958,0,0,1,0.291700489648524,2.5144458564865526,-0.48379942263765113,-0.40462805938837537
869,0,3,0,28.0,0,0,9.5,0,0,1,-0.007928911735796622,-0.5808599479575678,-0.48379942263765113,-0.40462805938837537
870,1,3,0,4.0,1,1,11.1333,0,0,1,-2.404964122810362,-0.4575409013625853,0.6857897539745829,0.8695953907908068
871,0,3,0,26.0,0,0,7.8958,0,0,1,-0.2076818459920104,-0.7019818573114346,-0.48379942263765113,-0.40462805938837537
872,1,1,1,47.0,1,1,52.5542,0,0,1,1.8897239636982341,2.669861227521336,0.6857897539745829,0.8695953907908068
873,0,1,0,33.0,0,0,5.0,0,0,1,0.49145342390473784,-0.9206234388517213,-0.48379942263765113,-0.40462805938837537
874,0,3,0,47.0,0,0,9.0,0,0,1,1.8897239636982341,-0.618611446945807,-0.48379942263765113,-0.40462805938837537
875,1,2,1,28.0,1,0,24.0,1,0,0,-0.007928911735796622,0.5139335227013715,0.6857897539745829,-0.40462805938837537
876,1,3,1,15.0,0,0,7.225,1,0,0,-1.306322984401186,-0.7526292683540565,-0.48379942263765113,-0.40462805938837537
877,0,3,0,20.0,0,0,9.8458,0,0,1,-0.8069406487606517,-0.5547510112573014,-0.48379942263765113,-0.40462805938837537
878,0,3,0,19.0,0,0,7.8958,0,0,1,-0.9068171158887586,-0.7019818573114346,-0.48379942263765113,-0.40462805938837537
879,0,3,0,28.0,0,0,7.8958,0,0,1,-0.007928911735796622,-0.7019818573114346,-0.48379942263765113,-0.40462805938837537
881,1,2,1,25.0,0,1,26.0,0,0,1,-0.3075583131201173,0.6649395186543285,-0.48379942263765113,0.8695953907908068
882,0,3,0,33.0,0,0,7.8958,0,0,1,0.49145342390473784,-0.7019818573114346,-0.48379942263765113,-0.40462805938837537
883,0,3,1,22.0,0,0,10.5167,0,0,1,-0.607187714504438,-0.504096049914882,-0.48379942263765113,-0.40462805938837537
884,0,2,0,28.0,0,0,10.5,0,0,1,-0.007928911735796622,-0.5053569499810892,-0.48379942263765113,-0.40462805938837537
885,0,3,0,25.0,0,0,7.05,0,0,1,-0.3075583131201173,-0.7658422929999402,-0.48379942263765113,-0.40462805938837537
886,0,3,1,39.0,0,5,29.125,0,1,0,1.090712226673379,0.9008863873308242,-0.48379942263765113,5.966489191507536
887,0,2,0,27.0,0,0,13.0,0,0,1,-0.10780537886390351,-0.3165994550398928,-0.48379942263765113,-0.40462805938837537
888,1,1,1,19.0,0,0,30.0,0,0,1,-0.9068171158887586,0.9669515105602429,-0.48379942263765113,-0.40462805938837537
889,0,3,1,28.0,1,2,23.45,0,0,1,-0.007928911735796622,0.4724068738143082,0.6857897539745829,2.1438188409699888
890,1,1,0,26.0,0,0,30.0,1,0,0,-0.2076818459920104,0.9669515105602429,-0.48379942263765113,-0.40462805938837537
891,0,3,0,32.0,0,0,7.75,0,1,0,0.3915769567766309,-0.7129901944164052,-0.48379942263765113,-0.40462805938837537
